signal_id,ehtimollik
SG_000001,0.11200151535618816
SG_000007,0.1528820219637222
SG_000009,0.1149125419609663
SG_000010,0.11233762225846564
SG_000011,0.26573858323181465
SG_000018,0.20364927259153917
SG_000024,0.15876302148604232
SG_000026,0.13361515560874648
SG_000032,0.1783848164527821
SG_000033,0.27151116885328663
SG_000034,0.09105864443304373
SG_000036,0.07622217036956656
SG_000039,0.13386290035968004
SG_000048,0.11323692172907504
SG_000049,0.14788287030895342
SG_000050,0.1883217885584905
SG_000053,0.15245240483811953
SG_000054,0.15363428489187175
SG_000055,0.1985675081041595
SG_000058,0.15393645515080592
SG_000059,0.15084060750846018
SG_000061,0.13526561183755095
SG_000062,0.1268726165065502
SG_000072,0.16376181526278555
SG_000073,0.2563680326641816
SG_000075,0.18479984445922187
SG_000080,0.22450139637548597
SG_000081,0.11756416395873132
SG_000083,0.13810521524498345
SG_000086,0.12602528106557068
SG_000087,0.16466109344830568
SG_000092,0.23745582418056999
SG_000099,0.21662193027054255
SG_000100,0.06306342785019753
SG_000105,0.11495269474606629
SG_000106,0.2643308601059312
SG_000107,0.06231078173417311
SG_000118,0.20501928982401604
SG_000120,0.22044850954994707
SG_000125,0.15142032360384833
SG_000129,0.2429408649492574
SG_000137,0.13547014702186327
SG_000146,0.14702151124477952
SG_000147,0.17464736968563457
SG_000149,0.19501107162231007
SG_000153,0.19078434646591003
SG_000161,0.19836341368707622
SG_000163,0.10094077942053935
SG_000165,0.20735348284198896
SG_000173,0.13340830560331596
SG_000178,0.10628011392222686
SG_000179,0.1423011007096044
SG_000187,0.33017325558077687
SG_000192,0.10254078097712876
SG_000193,0.1140776110474924
SG_000195,0.12068253534800968
SG_000196,0.19843238277228636
SG_000201,0.15955575968610494
SG_000203,0.1220979335083031
SG_000205,0.21639205762449398
SG_000207,0.21592917738710501
SG_000211,0.07788770679280031
SG_000214,0.12378853490820944
SG_000217,0.18107069339488696
SG_000218,0.29415577061960096
SG_000219,0.15428271599446758
SG_000227,0.08450333581464316
SG_000229,0.12466432380527456
SG_000232,0.18291800708156614
SG_000240,0.08446653863380901
SG_000242,0.23338005307418383
SG_000244,0.10984974493357817
SG_000246,0.10898251607579514
SG_000250,0.14165321287484986
SG_000253,0.19661796445020938
SG_000262,0.14257955353399937
SG_000269,0.15565495802828058
SG_000270,0.13925415875687935
SG_000271,0.19704958731886746
SG_000284,0.25209902541508467
SG_000286,0.11907865061974214
SG_000287,0.14376365107381145
SG_000290,0.3582559192007012
SG_000291,0.22210909044182212
SG_000301,0.08892131084558745
SG_000302,0.17717092921083613
SG_000304,0.12331214416489716
SG_000306,0.13344780158875016
SG_000309,0.18558236008273224
SG_000314,0.12125224789291943
SG_000319,0.2696104936115257
SG_000320,0.12297232138278041
SG_000321,0.1507388199377972
SG_000325,0.15158495024333757
SG_000328,0.10721074877936151
SG_000329,0.1347605733818226
SG_000333,0.08789582875273234
SG_000334,0.23178383087325702
SG_000335,0.11750122653151475
SG_000339,0.1887417383214989
SG_000341,0.12800840162194585
SG_000345,0.2708250495499256
SG_000347,0.16088701202699052
SG_000349,0.23609312459174925
SG_000350,0.19609863950519088
SG_000351,0.0915880672370494
SG_000357,0.10003681957346339
SG_000360,0.2179384264038979
SG_000366,0.271225076136862
SG_000368,0.19539478405251626
SG_000370,0.140393246123978
SG_000378,0.12605517346069975
SG_000386,0.12381059303551117
SG_000394,0.11800138733756124
SG_000395,0.08146559893497657
SG_000397,0.2040488091568268
SG_000398,0.18042922518940807
SG_000401,0.1739277230970243
SG_000402,0.15652695127636745
SG_000414,0.16162544371411902
SG_000415,0.061909764249834395
SG_000419,0.17841339316116006
SG_000420,0.23433427747931423
SG_000422,0.2391396528802057
SG_000425,0.23914059181996938
SG_000430,0.06331571183910609
SG_000431,0.1313952354988177
SG_000435,0.10881789389329785
SG_000436,0.17366729341006581
SG_000440,0.10090151211731083
SG_000444,0.14050513415753313
SG_000450,0.23642353292267537
SG_000452,0.0965722001263834
SG_000454,0.1927153615758988
SG_000460,0.1662824738181123
SG_000462,0.18617402985419879
SG_000471,0.13409614060909705
SG_000474,0.185414372253075
SG_000475,0.219073666159061
SG_000476,0.18993361195722716
SG_000480,0.15053995952622368
SG_000482,0.28228816890031433
SG_000484,0.1392057061601741
SG_000487,0.13980697384558036
SG_000488,0.18875283584275976
SG_000494,0.18187107493825277
SG_000496,0.13619922391399286
SG_000497,0.09716568091826887
SG_000498,0.11961781706326051
SG_000501,0.08430968265595404
SG_000506,0.17226996961421392
SG_000511,0.08245709998781252
SG_000513,0.14156110202458938
SG_000524,0.14742461532180898
SG_000526,0.15701183616360737
SG_000527,0.07366634735344264
SG_000530,0.15320378991728728
SG_000535,0.12300261069088281
SG_000536,0.16535409279530897
SG_000551,0.15033972038848425
SG_000561,0.25093421459032883
SG_000563,0.15932811029307273
SG_000567,0.16931401382006012
SG_000572,0.1305099414740803
SG_000580,0.15022841753905802
SG_000583,0.15466506164838112
SG_000585,0.19398415915795084
SG_000588,0.09270628776468647
SG_000591,0.20757528700017963
SG_000593,0.13311429858288554
SG_000594,0.13181892239889653
SG_000598,0.08289134720272434
SG_000603,0.19315336676672074
SG_000610,0.15499345606605175
SG_000614,0.15019393815750365
SG_000615,0.11798905513673472
SG_000616,0.06877388066292806
SG_000617,0.13223134357038063
SG_000619,0.18434513861683502
SG_000621,0.2920126576977688
SG_000629,0.18165120129880824
SG_000633,0.20676442243288892
SG_000634,0.13734050973543022
SG_000638,0.14382593025437038
SG_000640,0.1585146761392684
SG_000643,0.1537824735110426
SG_000646,0.2915652846963941
SG_000648,0.14988978185798968
SG_000657,0.12855188525052394
SG_000662,0.13541956336882074
SG_000665,0.10742551975651443
SG_000666,0.21875509068248236
SG_000672,0.15700516621481111
SG_000674,0.16131693327587782
SG_000677,0.11707599374120709
SG_000678,0.10988867610044516
SG_000679,0.10759517226442436
SG_000691,0.1666382233245086
SG_000692,0.10083783492151682
SG_000693,0.28457952403028197
SG_000695,0.20088105841900392
SG_000696,0.14118157764030936
SG_000698,0.14808825344514906
SG_000706,0.1558845505525533
SG_000709,0.1127709113787301
SG_000713,0.11242407410885805
SG_000716,0.15954976371712853
SG_000717,0.15511988686491357
SG_000719,0.1797404027714618
SG_000722,0.21297357511343723
SG_000727,0.10134214899462383
SG_000734,0.1647235908685184
SG_000737,0.08981560641559252
SG_000739,0.09933171969572187
SG_000742,0.21785335911217474
SG_000743,0.1624882375863871
SG_000750,0.23879950379158393
SG_000751,0.26082753668030295
SG_000759,0.22412732587123566
SG_000762,0.12598906045249966
SG_000764,0.10992078682016955
SG_000768,0.08499272112839285
SG_000769,0.19557393377413718
SG_000770,0.17957091537289363
SG_000788,0.2179811959188336
SG_000790,0.09684934069581339
SG_000797,0.1938483290768011
SG_000798,0.10628703776954054
SG_000799,0.11665316028744357
SG_000802,0.20853836494556038
SG_000803,0.1776811655649599
SG_000809,0.25515185148829267
SG_000811,0.12109417039276624
SG_000812,0.23287135758103478
SG_000816,0.20459062129050648
SG_000817,0.15362895078097047
SG_000820,0.14758899447865068
SG_000821,0.04353237342204637
SG_000826,0.18405585080124692
SG_000840,0.19382502834644844
SG_000849,0.22028553990767813
SG_000851,0.12152164257832564
SG_000856,0.08642781271589069
SG_000857,0.21472951155694897
SG_000864,0.06539197209567602
SG_000865,0.09306087877330625
SG_000875,0.2457572736104472
SG_000883,0.1597797064222521
SG_000888,0.19670691661887546
SG_000889,0.17068676507994662
SG_000890,0.17033529226486605
SG_000891,0.20730849652856592
SG_000903,0.13671474857860968
SG_000907,0.13089730887780687
SG_000909,0.051022202505044044
SG_000910,0.10495684622500298
SG_000911,0.14822223092513137
SG_000912,0.19119090697893873
SG_000913,0.1359441392565661
SG_000917,0.22340735761993366
SG_000920,0.21091064720089991
SG_000928,0.11880229144743118
SG_000934,0.06788069836067782
SG_000935,0.1259241633579473
SG_000938,0.15416418083676664
SG_000940,0.15605419190773695
SG_000943,0.1411865339500451
SG_000945,0.16672875341433843
SG_000946,0.11726652826628278
SG_000948,0.12479539021690349
SG_000950,0.10986955399911444
SG_000954,0.12457457070637044
SG_000959,0.21942850288739774
SG_000963,0.07275222464196164
SG_000965,0.1528068655368464
SG_000968,0.2151588286108835
SG_000970,0.28462825696498717
SG_000973,0.11690538650640833
SG_000975,0.19877778668081636
SG_000977,0.09626140893206406
SG_000980,0.13815289138635709
SG_000981,0.18338056587488785
SG_000985,0.18342235555365083
SG_000987,0.16282364544845723
SG_000988,0.12598299543909383
SG_000990,0.14622029731042527
SG_000991,0.1954870720766038
SG_001002,0.10582175574787642
SG_001004,0.24432433193565958
SG_001009,0.22594760021171387
SG_001010,0.11307000699945703
SG_001014,0.20382763321510705
SG_001023,0.18902697704999102
SG_001027,0.11712198861330479
SG_001028,0.1854691465892947
SG_001030,0.1551195453518252
SG_001031,0.1395659505583628
SG_001032,0.2085433730350102
SG_001042,0.1307312379945548
SG_001048,0.06710831409149827
SG_001049,0.11497596864366627
SG_001052,0.16983042129972664
SG_001058,0.1727095612814314
SG_001060,0.07899618268940017
SG_001066,0.22266336078725912
SG_001067,0.2263001860659818
SG_001070,0.1566326564341124
SG_001071,0.12473631346260626
SG_001075,0.06028312104586637
SG_001076,0.2558111673281978
SG_001078,0.09787950497007683
SG_001081,0.20828274146667575
SG_001085,0.15101756062035224
SG_001086,0.12846112507321109
SG_001100,0.17105054454481883
SG_001101,0.0899189381608311
SG_001102,0.2431330451260183
SG_001106,0.137166806559024
SG_001107,0.06596252447726646
SG_001108,0.15379283512501646
SG_001109,0.2101312731901168
SG_001111,0.3085490982794904
SG_001117,0.15525654188962226
SG_001121,0.17474281634815092
SG_001123,0.1618037618197405
SG_001125,0.23932878696382726
SG_001126,0.2445266646199496
SG_001128,0.13978363472589228
SG_001133,0.07861747474304742
SG_001135,0.23186855493392888
SG_001143,0.36156701212005815
SG_001153,0.07060860828139179
SG_001155,0.16054841320194982
SG_001157,0.23890441350496655
SG_001159,0.11828636848624452
SG_001161,0.3455996594873856
SG_001163,0.16282485294434934
SG_001167,0.22456582257719696
SG_001180,0.15132454113577112
SG_001181,0.29945604484655297
SG_001182,0.1489623851312212
SG_001184,0.12114141083884972
SG_001188,0.09413403721780081
SG_001190,0.2018149054904756
SG_001192,0.21670038710788578
SG_001196,0.2365077181182727
SG_001201,0.18179161285814158
SG_001202,0.11452929225311442
SG_001203,0.18672405728493577
SG_001205,0.22546835356437142
SG_001208,0.2683292856968617
SG_001210,0.20147624387194474
SG_001211,0.16123244910973442
SG_001213,0.1698463316162907
SG_001215,0.16387663632331098
SG_001217,0.19889113761495839
SG_001225,0.19641916870250442
SG_001226,0.12066580754714759
SG_001229,0.3044628139302448
SG_001230,0.09441583688880074
SG_001236,0.11094040914327093
SG_001237,0.03371711179969014
SG_001243,0.20511091968215933
SG_001245,0.10722078517983524
SG_001248,0.14120007475622942
SG_001252,0.13747433891194
SG_001255,0.2597243284599196
SG_001257,0.21741524571432946
SG_001262,0.13947599255597665
SG_001264,0.1351580414917692
SG_001267,0.10838839029817218
SG_001279,0.056410798043457444
SG_001285,0.10055159642564764
SG_001287,0.08740004154915912
SG_001293,0.197935163103992
SG_001296,0.2696498370550322
SG_001298,0.1575879126056735
SG_001303,0.14572524874757908
SG_001305,0.09853081103566703
SG_001306,0.29534687861115394
SG_001309,0.07570068995256969
SG_001312,0.13472836725910114
SG_001313,0.13123406306420937
SG_001314,0.13922632266460688
SG_001316,0.1524686597971415
SG_001318,0.11547026097635796
SG_001319,0.16320684902013088
SG_001321,0.20660504345049083
SG_001322,0.15827114430680844
SG_001327,0.15652988863672274
SG_001331,0.14993799154068557
SG_001335,0.1676752248102717
SG_001336,0.14493720738119437
SG_001349,0.19218766880590032
SG_001350,0.2690954705152369
SG_001352,0.19181336985422548
SG_001354,0.13705946820096349
SG_001361,0.0885081606536397
SG_001362,0.2084826370452109
SG_001364,0.12375392853853562
SG_001374,0.17261408743974932
SG_001389,0.12345782031313976
SG_001390,0.23118403645381796
SG_001395,0.19719960432467282
SG_001397,0.11110178016558331
SG_001401,0.11906483823240711
SG_001402,0.14199352994190947
SG_001405,0.11197248090368409
SG_001412,0.4535293218995576
SG_001415,0.16431747914132894
SG_001419,0.06363548125847199
SG_001421,0.1852762773575673
SG_001423,0.1750836529107708
SG_001432,0.18358308238291907
SG_001433,0.09849125086096756
SG_001441,0.19337063699436863
SG_001446,0.22053182703518948
SG_001447,0.0767497175619439
SG_001448,0.12311019476347206
SG_001453,0.09998890802726913
SG_001458,0.14285796572295092
SG_001465,0.17962014283178176
SG_001469,0.24842558981158053
SG_001470,0.14713357758421558
SG_001472,0.14370868832091008
SG_001476,0.14199165312832931
SG_001478,0.21212879446564778
SG_001480,0.3210177932877273
SG_001484,0.060485178004064465
SG_001487,0.19013293130621567
SG_001493,0.15138418025644865
SG_001494,0.2844184172746281
SG_001500,0.16160425944928924
SG_001505,0.16222144034802266
SG_001506,0.17514894976313497
SG_001510,0.09541157601571955
SG_001514,0.13606899100238568
SG_001520,0.22312717346027722
SG_001525,0.235472798253863
SG_001527,0.11945853963183593
SG_001528,0.14142708113168123
SG_001529,0.09035078724287375
SG_001531,0.15919898773555896
SG_001541,0.19549268845847365
SG_001542,0.19943121998365324
SG_001543,0.15334663960713565
SG_001545,0.07950778691680135
SG_001549,0.16554376625635117
SG_001557,0.11941017302422775
SG_001558,0.16015386138652876
SG_001561,0.18685640994381075
SG_001562,0.07827961571672448
SG_001563,0.16020902697824746
SG_001567,0.1823232219893997
SG_001568,0.1758071897704849
SG_001569,0.12656620758538867
SG_001570,0.16968423079577438
SG_001571,0.14951430644537145
SG_001572,0.22636774369316587
SG_001573,0.09219037423904174
SG_001576,0.15245327392426142
SG_001584,0.18672253185787366
SG_001590,0.1178882050621464
SG_001591,0.07412263324737159
SG_001592,0.14892914725783657
SG_001595,0.175362937391085
SG_001601,0.298516263173222
SG_001604,0.17080491319017266
SG_001609,0.1735150905853406
SG_001610,0.21391648091184687
SG_001612,0.15129797617900986
SG_001613,0.1823764993817555
SG_001615,0.15657757774255732
SG_001623,0.115749023730007
SG_001624,0.10516795865434041
SG_001631,0.16923076501693762
SG_001634,0.13867520994858332
SG_001636,0.19191572630001463
SG_001638,0.1984629981475182
SG_001647,0.19483363113552926
SG_001650,0.254394642648409
SG_001653,0.18830466310411176
SG_001654,0.19621810880557494
SG_001658,0.17490690825829014
SG_001663,0.1561165280302981
SG_001667,0.16188650767506008
SG_001668,0.13620654400422746
SG_001670,0.16524265525857282
SG_001683,0.21460749868281892
SG_001686,0.11765149319810649
SG_001688,0.25991114527925585
SG_001689,0.14208849831815853
SG_001698,0.31530914849639147
SG_001704,0.17665019696606848
SG_001711,0.19188999526917905
SG_001719,0.08715171500006287
SG_001720,0.09428970573951671
SG_001723,0.08912182894386436
SG_001726,0.14611917808256197
SG_001728,0.15464663487460772
SG_001731,0.1333784427851443
SG_001733,0.17368310365417375
SG_001734,0.11512227085872714
SG_001735,0.14563543740719267
SG_001737,0.21342034449428648
SG_001738,0.1836749187345931
SG_001739,0.10376293259305985
SG_001740,0.10764723620964119
SG_001744,0.1323941624109751
SG_001745,0.2754296318047497
SG_001750,0.12803611262025175
SG_001751,0.09817185248150855
SG_001761,0.15055533896770232
SG_001767,0.08943383218794815
SG_001768,0.16817368670951036
SG_001769,0.11345187774475422
SG_001776,0.2226027958566114
SG_001786,0.06627412606589952
SG_001788,0.1765501717573682
SG_001789,0.24087389787682084
SG_001790,0.10496245619909293
SG_001791,0.19399060164069704
SG_001792,0.19481390674214585
SG_001793,0.1513637902393828
SG_001796,0.23713485110309823
SG_001797,0.13918543223817947
SG_001803,0.15431596304463624
SG_001804,0.17038447327063755
SG_001806,0.14491132595710599
SG_001811,0.12934392828933106
SG_001815,0.15186514146301247
SG_001819,0.07271383783526364
SG_001824,0.1527279735798875
SG_001825,0.29015948146442866
SG_001827,0.245888723304434
SG_001830,0.18469398242502588
SG_001831,0.14968763821339545
SG_001833,0.2214880962448273
SG_001836,0.07276543955884693
SG_001844,0.14952888032514272
SG_001846,0.18408902588008527
SG_001847,0.252770775560024
SG_001848,0.20491081623369953
SG_001849,0.2072873789490821
SG_001851,0.18368404788320877
SG_001858,0.14249586924820504
SG_001860,0.10705915107738435
SG_001862,0.10642210330985771
SG_001864,0.13653769532060409
SG_001865,0.17656495718003232
SG_001867,0.21151511596018086
SG_001872,0.10009454499544587
SG_001876,0.10928160652226562
SG_001877,0.20158118240525777
SG_001883,0.1723499604911063
SG_001884,0.14625750109195404
SG_001885,0.11029702957368792
SG_001886,0.25013167089326344
SG_001888,0.1288757467186733
SG_001890,0.23499551388742543
SG_001892,0.1699164229362465
SG_001893,0.24686728820045722
SG_001894,0.07065726336171174
SG_001895,0.23500719683017743
SG_001897,0.1664818460743599
SG_001901,0.22779746296086067
SG_001903,0.2612395267089074
SG_001904,0.09807250677131163
SG_001906,0.12464031546642648
SG_001909,0.1174109834131446
SG_001912,0.267991393542205
SG_001914,0.14142715879762746
SG_001915,0.11609110931866129
SG_001919,0.18690271059606683
SG_001924,0.3194753157883389
SG_001925,0.10646973568196161
SG_001928,0.19141481486918008
SG_001930,0.13493048958450415
SG_001932,0.18726551086594165
SG_001933,0.10490296857405514
SG_001934,0.06223594620202002
SG_001936,0.15819564620179893
SG_001947,0.16331969523081358
SG_001953,0.28751149681147437
SG_001954,0.13777302121510643
SG_001955,0.26758363629556675
SG_001963,0.16130363322002073
SG_001971,0.2811454687085756
SG_001975,0.13633423253603
SG_001976,0.25144772224021317
SG_001977,0.2066326949129707
SG_001980,0.08929599654167476
SG_001981,0.1063343632384445
SG_001982,0.19674305008125906
SG_001990,0.12825785378456828
SG_001999,0.11137550067176429
SG_002000,0.1736261383391457
SG_002002,0.2912049842079917
SG_002004,0.12685121800176763
SG_002008,0.22469277660496104
SG_002009,0.1492129837291104
SG_002016,0.14577813328065642
SG_002021,0.10580383829848311
SG_002024,0.1715234409601304
SG_002027,0.17959351864876472
SG_002037,0.14246471597357044
SG_002038,0.20856064572988336
SG_002039,0.2516005251119511
SG_002044,0.25620674694396867
SG_002045,0.09287051328795658
SG_002048,0.12826775518229483
SG_002050,0.20793266886671863
SG_002052,0.23323318702184942
SG_002063,0.14380728244514102
SG_002067,0.31584879552665135
SG_002068,0.11499941553305004
SG_002069,0.10206925329032775
SG_002074,0.1540753890874068
SG_002075,0.12370437621872704
SG_002078,0.11246042439140548
SG_002081,0.10299936101864574
SG_002090,0.1772399710106933
SG_002097,0.17901229230202348
SG_002103,0.13040336980013134
SG_002105,0.16306085420739516
SG_002110,0.1284932810285899
SG_002122,0.17450118212094398
SG_002123,0.11427198617764263
SG_002125,0.2169970961447007
SG_002129,0.15600351773231222
SG_002131,0.3647909413423454
SG_002137,0.1497605602545606
SG_002142,0.31198696970892753
SG_002150,0.1280162014006562
SG_002151,0.15918376618277164
SG_002152,0.19275762921843215
SG_002166,0.0881328850561322
SG_002171,0.14390975623202978
SG_002172,0.09036810290851502
SG_002176,0.09119564763806472
SG_002177,0.16678158280047328
SG_002181,0.21659218261478091
SG_002184,0.1608750831701608
SG_002185,0.2578770436246715
SG_002186,0.16356329416096002
SG_002191,0.13607119447745472
SG_002192,0.12538332742866454
SG_002194,0.22151235803428754
SG_002200,0.2075738794399658
SG_002209,0.23797850899726572
SG_002213,0.07301529760888115
SG_002220,0.17094903489261504
SG_002223,0.14244933697014173
SG_002227,0.14939976363925236
SG_002228,0.09800963123792739
SG_002233,0.2104909697923605
SG_002241,0.18328290530046695
SG_002248,0.18920998772313055
SG_002251,0.15764262768243195
SG_002252,0.15373966677219633
SG_002254,0.23562887166188773
SG_002255,0.17332526859737069
SG_002260,0.22263066568120188
SG_002262,0.13781904240200518
SG_002263,0.10904903485371627
SG_002266,0.11633992070943616
SG_002270,0.08988598160097507
SG_002277,0.15804785224308676
SG_002278,0.09553025400451343
SG_002280,0.0641767320975277
SG_002281,0.18225300447071502
SG_002283,0.12209134165206006
SG_002284,0.1905681004882228
SG_002286,0.11453452149950358
SG_002288,0.08853199078903137
SG_002291,0.18403116430943528
SG_002292,0.10624732551409377
SG_002294,0.12866241178096796
SG_002296,0.12074756448439097
SG_002298,0.127367879945032
SG_002301,0.1794909328340335
SG_002304,0.22351535673374506
SG_002311,0.15604485876545318
SG_002319,0.1930698238267191
SG_002320,0.1234007233509527
SG_002322,0.09644614176300936
SG_002324,0.1654328784436188
SG_002328,0.1817571669040171
SG_002332,0.16100393552749223
SG_002341,0.274712897412239
SG_002346,0.1251379215320666
SG_002347,0.1660161679595835
SG_002352,0.08357535859196505
SG_002357,0.1277559301396455
SG_002361,0.15538804846196294
SG_002370,0.12093239865015151
SG_002371,0.12364693028702643
SG_002372,0.14013778489750758
SG_002373,0.10063838223747151
SG_002374,0.09667208243589397
SG_002375,0.14171488434551172
SG_002381,0.1886005470359704
SG_002385,0.09660243350647726
SG_002387,0.09789004418651479
SG_002390,0.20633834927644146
SG_002391,0.12596550631487713
SG_002392,0.1572752823359711
SG_002394,0.16274213020818684
SG_002396,0.08809992803944558
SG_002401,0.2531238145636932
SG_002402,0.20000788067162178
SG_002404,0.16992882270646306
SG_002407,0.07546600573833512
SG_002410,0.12299349929129944
SG_002419,0.1834731252594547
SG_002421,0.28780765486414506
SG_002422,0.1687423279390808
SG_002423,0.19391315187844055
SG_002429,0.1117519393345324
SG_002430,0.1895780921726054
SG_002434,0.1678610076028493
SG_002437,0.27494953865048083
SG_002442,0.17019392289516774
SG_002444,0.07652892970735806
SG_002447,0.18944144870852553
SG_002448,0.0646893455892279
SG_002450,0.3177241400808404
SG_002453,0.2227970726928635
SG_002454,0.21717672904923707
SG_002455,0.16296336793720795
SG_002456,0.12747477671185833
SG_002458,0.12619632929469618
SG_002459,0.1953275295395941
SG_002460,0.13218100638960795
SG_002462,0.09509902094236383
SG_002464,0.1292798868823809
SG_002466,0.2131908501442116
SG_002475,0.1853035623492838
SG_002477,0.22928848510678446
SG_002479,0.2032099244914118
SG_002482,0.19308438972878778
SG_002483,0.2501635547993442
SG_002486,0.10378090155896721
SG_002490,0.23948930691933223
SG_002493,0.10417838705375637
SG_002495,0.19424563387992802
SG_002498,0.13887014366895914
SG_002500,0.10293808795304751
SG_002502,0.13510818499684968
SG_002507,0.2067925755209176
SG_002509,0.11632155738935053
SG_002517,0.16417649659141254
SG_002520,0.13204720062884978
SG_002522,0.16017484443936905
SG_002526,0.16714350833724975
SG_002529,0.07887084858546452
SG_002532,0.16943517744762504
SG_002539,0.05754468750224737
SG_002541,0.10686909745059264
SG_002544,0.0756245194705961
SG_002545,0.19729398235741735
SG_002546,0.16351260944559728
SG_002548,0.23429596505994255
SG_002555,0.20624859868161494
SG_002559,0.10454653248833078
SG_002568,0.10256612589356477
SG_002572,0.18493840889809793
SG_002573,0.12504476379105053
SG_002577,0.18070048364089417
SG_002580,0.18823965809338813
SG_002583,0.17986424035516324
SG_002586,0.1936147383659931
SG_002587,0.310704035817036
SG_002588,0.1345348712783716
SG_002594,0.1320385791103918
SG_002596,0.11837991572323196
SG_002597,0.10943564438048409
SG_002599,0.15355671085748923
SG_002600,0.17678886116579495
SG_002601,0.10937437907766362
SG_002605,0.16332603582955457
SG_002613,0.18075478061845698
SG_002615,0.1647199248755395
SG_002618,0.11704441304767416
SG_002622,0.10334390934778064
SG_002627,0.1609263738831697
SG_002628,0.14098040973056003
SG_002630,0.14169365907627327
SG_002633,0.1641077632200956
SG_002638,0.19054569134870625
SG_002649,0.15032276844077802
SG_002650,0.1391171278931434
SG_002652,0.15979427844803704
SG_002653,0.18733133131473284
SG_002654,0.12759839656261218
SG_002657,0.22896158024990967
SG_002664,0.19227811002276443
SG_002665,0.14229398460155618
SG_002666,0.19501585375015146
SG_002667,0.19911827733791165
SG_002672,0.09340715986663758
SG_002673,0.1864216106761348
SG_002674,0.1812212482052926
SG_002675,0.17062379328026045
SG_002680,0.37637914554765817
SG_002684,0.16140262378663522
SG_002688,0.24291100132552088
SG_002689,0.11801809032190042
SG_002691,0.15473027158628172
SG_002693,0.2102840925420026
SG_002699,0.1678357911050659
SG_002701,0.1540459559547807
SG_002705,0.16921783223148626
SG_002720,0.1133804943238898
SG_002731,0.1872193499248404
SG_002733,0.11322657553578253
SG_002735,0.08897701550569091
SG_002736,0.16754198513405977
SG_002738,0.06859046597647384
SG_002742,0.14636183930046187
SG_002746,0.0666979791805412
SG_002748,0.14310490372847542
SG_002752,0.1692161084794449
SG_002755,0.1762426055824926
SG_002757,0.17600277318357116
SG_002759,0.15011800343973658
SG_002767,0.1371027520840467
SG_002770,0.197348306303691
SG_002773,0.3053730442776121
SG_002777,0.2418630365438161
SG_002782,0.0624492940574209
SG_002783,0.1604546365961358
SG_002785,0.10489192229603121
SG_002788,0.22146049901920356
SG_002789,0.19884283763986732
SG_002793,0.29336951037058506
SG_002796,0.20692653369257286
SG_002798,0.11481191195135278
SG_002809,0.09697283249247834
SG_002814,0.23587205100731734
SG_002820,0.11532733961987272
SG_002825,0.21777602319231845
SG_002827,0.2907245305935001
SG_002829,0.1631830137711226
SG_002832,0.4026164005403924
SG_002834,0.0826187353745289
SG_002840,0.16177943768722808
SG_002842,0.27348071114894906
SG_002843,0.14406708314715008
SG_002849,0.24471903208725604
SG_002850,0.11518104993947065
SG_002853,0.14410603236205638
SG_002875,0.2113689636263056
SG_002882,0.18536330277174992
SG_002887,0.2736266334939769
SG_002891,0.25397053243892737
SG_002896,0.14625288891310512
SG_002904,0.15041040443894174
SG_002906,0.22312651532566463
SG_002907,0.16001243854193511
SG_002910,0.1509733165182779
SG_002918,0.1831777593164161
SG_002926,0.1293179435970088
SG_002930,0.14344992224652092
SG_002932,0.08567177352296275
SG_002937,0.26245217451559455
SG_002939,0.13543557125453962
SG_002943,0.16969517593796818
SG_002944,0.1012307528846721
SG_002947,0.06952358996045584
SG_002949,0.07965127373092097
SG_002950,0.11290069728957022
SG_002952,0.11328597347161437
SG_002954,0.1274096975847052
SG_002955,0.1174019934204352
SG_002958,0.1706989982074869
SG_002960,0.20564950991610634
SG_002964,0.19802464451381063
SG_002967,0.11371294468990494
SG_002972,0.3763766786716195
SG_002982,0.24475888679617497
SG_002985,0.2621635406950602
SG_002989,0.17566619286970425
SG_002999,0.1254141959552486
SG_003002,0.14786471819206476
SG_003008,0.11659781727380948
SG_003023,0.15998768821969958
SG_003024,0.1306543614233008
SG_003026,0.1289948072811374
SG_003028,0.34263589817455786
SG_003030,0.17418626801697673
SG_003031,0.14040386039115757
SG_003037,0.0914359849845186
SG_003042,0.0760378004233904
SG_003043,0.0749434537069299
SG_003044,0.23783368742629823
SG_003045,0.15048304366954293
SG_003048,0.08007301275592871
SG_003049,0.25826077064600944
SG_003051,0.12501712267716547
SG_003052,0.1789276368331595
SG_003059,0.2963646168341824
SG_003062,0.14376210719834115
SG_003065,0.12609082317174405
SG_003067,0.16553363469787274
SG_003071,0.08412408777695252
SG_003072,0.18596370208331395
SG_003073,0.1464518671181515
SG_003075,0.16886162074273167
SG_003080,0.1589910839722099
SG_003082,0.11779944499988727
SG_003084,0.21987873086228535
SG_003085,0.1381846491486426
SG_003088,0.18369886699985424
SG_003089,0.1831165777962791
SG_003096,0.08264626082513034
SG_003097,0.24932731076051504
SG_003102,0.09965579120458717
SG_003105,0.2561991494641462
SG_003107,0.09526639643468833
SG_003111,0.10894711512821433
SG_003116,0.18646887243748003
SG_003118,0.1612959357738458
SG_003125,0.10011195325121239
SG_003127,0.11391463407994601
SG_003133,0.2174852779659212
SG_003135,0.14666796310722446
SG_003137,0.24321240816695422
SG_003138,0.25114036280051955
SG_003139,0.22031121877079718
SG_003141,0.24147367959052124
SG_003144,0.18597762181180721
SG_003151,0.10965073688531032
SG_003154,0.1804281418124543
SG_003158,0.22529088161312122
SG_003160,0.11632146940357581
SG_003164,0.272657324003579
SG_003168,0.14572378672904662
SG_003169,0.134462249765303
SG_003174,0.07901116288611643
SG_003179,0.24022959011631267
SG_003184,0.13022530883920702
SG_003186,0.08278751688692848
SG_003193,0.12153794447641754
SG_003196,0.13320086110556015
SG_003198,0.208093099143776
SG_003201,0.1807906502249479
SG_003204,0.1720670994764512
SG_003205,0.20032578798774164
SG_003206,0.03636158396300729
SG_003211,0.28213818966946314
SG_003214,0.12517413822449147
SG_003215,0.12147027149241468
SG_003216,0.21568008848183087
SG_003217,0.10709966959493225
SG_003219,0.11746412537536315
SG_003226,0.12625508927799295
SG_003227,0.1694991649569944
SG_003230,0.22797165610476378
SG_003231,0.22264938679245608
SG_003232,0.16205835089899107
SG_003234,0.09712868293896726
SG_003239,0.15231165788603734
SG_003241,0.2540227721602425
SG_003243,0.11532962974805788
SG_003250,0.09573583500421881
SG_003253,0.14276689779459692
SG_003256,0.11824821351351653
SG_003259,0.11159524168669535
SG_003266,0.290929043818318
SG_003272,0.2192643364176205
SG_003273,0.21376156710663594
SG_003281,0.1406692336742997
SG_003284,0.13915814417011146
SG_003288,0.1095303402609786
SG_003293,0.08631807043526726
SG_003294,0.18366299937295216
SG_003295,0.1544960838924965
SG_003296,0.10372029080169756
SG_003301,0.18590981105170742
SG_003304,0.1295703470664098
SG_003305,0.30575975525932914
SG_003307,0.18782750391136693
SG_003310,0.1519668388645658
SG_003314,0.21802551820343252
SG_003321,0.14526334502991753
SG_003325,0.13284464477066762
SG_003328,0.11817762301715716
SG_003331,0.18064965406682984
SG_003332,0.11291445804146363
SG_003333,0.12427035880324418
SG_003340,0.24858096614370956
SG_003341,0.26642267225396193
SG_003342,0.13075894241313163
SG_003349,0.1757142401508116
SG_003355,0.25663737818173177
SG_003357,0.16901441989219274
SG_003361,0.06358422640807425
SG_003370,0.2705018437213518
SG_003371,0.23542210543789302
SG_003373,0.14745645556854559
SG_003374,0.22057049213813276
SG_003379,0.1221268019466652
SG_003388,0.1474911810508995
SG_003389,0.2572249689251197
SG_003390,0.06431316670682444
SG_003391,0.1818936016535609
SG_003392,0.12717622879191334
SG_003393,0.19018550605152457
SG_003397,0.07869159972572683
SG_003398,0.1264939309098115
SG_003399,0.20378123291362998
SG_003402,0.17364603458919975
SG_003404,0.14949848953754352
SG_003407,0.14981460495110957
SG_003408,0.17814852654290966
SG_003422,0.06519171608759254
SG_003426,0.1913795592342812
SG_003430,0.1325955361934372
SG_003434,0.13256200743020582
SG_003437,0.14266801017435152
SG_003439,0.26216175626528426
SG_003440,0.13222988375568345
SG_003441,0.06900055830651095
SG_003444,0.16544332434389247
SG_003447,0.2688554816689402
SG_003452,0.188163778320934
SG_003453,0.27712559206754594
SG_003464,0.1631938900396956
SG_003469,0.17027697700301095
SG_003475,0.12122317436229624
SG_003477,0.1690301073359307
SG_003479,0.1688790174718678
SG_003480,0.23648794234678155
SG_003482,0.20249874107876373
SG_003483,0.2528213004369894
SG_003485,0.22540165944422097
SG_003486,0.17609755076203482
SG_003489,0.04917760434220089
SG_003491,0.15130046326828983
SG_003492,0.21669608746684005
SG_003493,0.1310791895969937
SG_003501,0.14797403141696008
SG_003505,0.24526576237745137
SG_003509,0.14830380388521736
SG_003517,0.2487034732830119
SG_003521,0.16604498143210605
SG_003526,0.07583032011152337
SG_003528,0.06472749324147697
SG_003532,0.09389923404287481
SG_003535,0.13700716964383985
SG_003538,0.09738878706267567
SG_003541,0.10543610896050126
SG_003545,0.20547096053858982
SG_003548,0.1462989760436471
SG_003549,0.1728396601014537
SG_003554,0.12469203435714996
SG_003557,0.2137941937332305
SG_003566,0.2023450378241862
SG_003568,0.11435908716007956
SG_003572,0.15205377113182383
SG_003575,0.21844699728246797
SG_003578,0.11243347789473415
SG_003584,0.14039475895099407
SG_003585,0.2367557079375091
SG_003588,0.22857419568969545
SG_003589,0.3116413294997867
SG_003594,0.158259995659581
SG_003597,0.1764600580904456
SG_003598,0.14773312795963628
SG_003601,0.18963264969190197
SG_003603,0.23274718872358796
SG_003610,0.13160197128668083
SG_003611,0.1490298796269029
SG_003613,0.09269877484951419
SG_003618,0.09536341614988723
SG_003619,0.11267937124440151
SG_003620,0.18647463073127118
SG_003625,0.15616165400051177
SG_003627,0.09293126125287994
SG_003628,0.1492323249653103
SG_003629,0.14633995707573005
SG_003637,0.23459540789024733
SG_003648,0.07452265878485528
SG_003650,0.23074780600792538
SG_003666,0.11064487091296826
SG_003668,0.20090721333622036
SG_003670,0.0676424619049579
SG_003671,0.042861147681559936
SG_003689,0.12252404986864973
SG_003691,0.10504485667022631
SG_003699,0.23209994704237075
SG_003702,0.19010480158040677
SG_003704,0.16317535430910296
SG_003705,0.12242958364268265
SG_003706,0.29920418422404305
SG_003708,0.20195356578349222
SG_003710,0.07037998509495842
SG_003711,0.12866416243736875
SG_003714,0.1334716726074569
SG_003715,0.17430397477747628
SG_003722,0.2571169599131005
SG_003745,0.16489713713606308
SG_003746,0.122116366969935
SG_003751,0.14083290181159025
SG_003754,0.2980922119228236
SG_003757,0.1954215615752876
SG_003758,0.10175094503064538
SG_003765,0.08803391054046888
SG_003767,0.12861554196164027
SG_003768,0.10624382123508441
SG_003769,0.14980909285329347
SG_003777,0.21160321175577873
SG_003783,0.12620574101814175
SG_003786,0.12567374864097372
SG_003787,0.094687903362279
SG_003788,0.12328445937176796
SG_003792,0.22346498823393907
SG_003795,0.1883814167632111
SG_003806,0.17163198302946706
SG_003807,0.16537050286760385
SG_003809,0.15391821277617132
SG_003810,0.1974887953470543
SG_003812,0.19409472491650148
SG_003820,0.2765578897675928
SG_003822,0.1848623711282364
SG_003829,0.17832510577818522
SG_003835,0.09856065255627834
SG_003843,0.23079499481817348
SG_003844,0.17901516795321418
SG_003851,0.06243748748236909
SG_003852,0.21859915801773472
SG_003856,0.14435476609642495
SG_003860,0.22007109071225062
SG_003863,0.1326058395629251
SG_003865,0.2573245742195765
SG_003868,0.19516243706401662
SG_003869,0.07618421736877859
SG_003874,0.15960195703504115
SG_003878,0.1766115296573347
SG_003880,0.4797741809452702
SG_003881,0.12589268044895782
SG_003886,0.09793009923473364
SG_003896,0.21474594053247198
SG_003904,0.1825211729832403
SG_003905,0.2450530652571618
SG_003906,0.10394899427883476
SG_003907,0.13580809343099032
SG_003908,0.150913797326406
SG_003910,0.22344639845972297
SG_003917,0.13684146507414446
SG_003919,0.24658653682817236
SG_003920,0.0905414687378192
SG_003921,0.19332174634544325
SG_003922,0.26400583572891606
SG_003925,0.1589136759696484
SG_003926,0.05117739700532179
SG_003935,0.13377142250989812
SG_003937,0.1433523811854624
SG_003940,0.15292237737534323
SG_003941,0.12529886154021996
SG_003945,0.3260017369252478
SG_003951,0.2973621177973339
SG_003958,0.1341672237591489
SG_003959,0.1038265687198339
SG_003961,0.32030756901463425
SG_003966,0.1741529789423577
SG_003967,0.11633026881706132
SG_003969,0.12993892307684796
SG_003972,0.1853040127813332
SG_003977,0.10241014932445369
SG_003978,0.07215851697082597
SG_003979,0.26282301763620913
SG_003988,0.08772977745678046
SG_003992,0.3001543906699476
SG_003994,0.15668613893249922
SG_003995,0.16096356308009013
SG_004001,0.18231327904411623
SG_004002,0.06894663277396867
SG_004011,0.11934807125988368
SG_004012,0.13144251718719985
SG_004016,0.12860915202442327
SG_004019,0.15431838083354463
SG_004034,0.1467467679179552
SG_004036,0.14041711229647102
SG_004041,0.24265416288379033
SG_004042,0.18648464851702332
SG_004045,0.17237799526866732
SG_004048,0.22245039615314857
SG_004049,0.09440624480276558
SG_004050,0.20312980999887054
SG_004054,0.13658187360529542
SG_004060,0.1588892700323544
SG_004063,0.07462577760957616
SG_004064,0.06118937560069143
SG_004065,0.18718905964405586
SG_004066,0.2062825447005979
SG_004071,0.12717122181651852
SG_004074,0.14341453892327094
SG_004078,0.284753388515708
SG_004079,0.11969805920439514
SG_004080,0.3420309061238018
SG_004081,0.20642260374880586
SG_004083,0.23413311999644498
SG_004087,0.1811291161124989
SG_004089,0.15082477125151805
SG_004091,0.1477148185219007
SG_004093,0.2782335583815791
SG_004094,0.18522582858357592
SG_004100,0.13651884866162747
SG_004107,0.15442945517674955
SG_004109,0.1346916135924924
SG_004110,0.15333261710454127
SG_004111,0.1899165328188286
SG_004123,0.12621016315045758
SG_004126,0.10286008703203342
SG_004127,0.09312029725006486
SG_004129,0.1887918759795246
SG_004130,0.11361691066632626
SG_004131,0.19121686601667368
SG_004136,0.18095644397164506
SG_004140,0.08369004025855993
SG_004149,0.17338297159272775
SG_004152,0.2376238310246253
SG_004155,0.2514897170387717
SG_004157,0.11694403389336311
SG_004163,0.1095595815569643
SG_004164,0.21191200550821532
SG_004168,0.15274785358009413
SG_004170,0.1805774462231735
SG_004171,0.143633279636006
SG_004174,0.16596241120015726
SG_004175,0.20280968653961207
SG_004178,0.1165836408393584
SG_004181,0.15815969722289616
SG_004184,0.14369515485276374
SG_004186,0.17027618850893014
SG_004187,0.1894700343077957
SG_004191,0.12667098409862074
SG_004192,0.19862151578916243
SG_004197,0.07403492826098437
SG_004201,0.2795938140611401
SG_004204,0.20044005542461488
SG_004207,0.1462898131052005
SG_004209,0.19140879724427584
SG_004214,0.22738966427933208
SG_004218,0.1168036642941731
SG_004220,0.07509350400894488
SG_004223,0.1547722224400754
SG_004224,0.13315523613462701
SG_004225,0.1475656907740967
SG_004228,0.14401218412474237
SG_004229,0.16252436986012017
SG_004230,0.13157991512784134
SG_004235,0.13571769431788738
SG_004238,0.20838231579083033
SG_004239,0.23462619783570635
SG_004244,0.16936512570751244
SG_004253,0.31219921903976866
SG_004256,0.1983183450715909
SG_004257,0.31966156871790186
SG_004258,0.1670125404421853
SG_004262,0.1922299494362632
SG_004263,0.15873845689167113
SG_004265,0.10704930197248681
SG_004268,0.11250917631155134
SG_004269,0.1304955128353189
SG_004271,0.12011364402128988
SG_004286,0.16337064625250625
SG_004289,0.11125100100631492
SG_004290,0.22661773494952986
SG_004291,0.22715737119604484
SG_004297,0.10670093135586058
SG_004300,0.20438430168411795
SG_004302,0.22554814326179184
SG_004305,0.12764209786186204
SG_004306,0.10224134182914474
SG_004312,0.156439439627098
SG_004313,0.08808463022206357
SG_004315,0.18231461537411078
SG_004320,0.12791724032155843
SG_004321,0.20127964174375051
SG_004322,0.1481747477684703
SG_004325,0.20292188655858934
SG_004326,0.1728597877523027
SG_004339,0.10327622246219939
SG_004342,0.18513578591006008
SG_004347,0.1494810454918353
SG_004348,0.1879165306025981
SG_004349,0.16562790792820845
SG_004350,0.25092246781939526
SG_004357,0.08521839284931826
SG_004358,0.1434551873046116
SG_004359,0.20883127975815097
SG_004362,0.21908806826185195
SG_004365,0.12263300106344012
SG_004368,0.22090365810123364
SG_004369,0.151784799201637
SG_004370,0.1370543320166055
SG_004378,0.16549870519305404
SG_004379,0.21155898160599884
SG_004388,0.21884683898216095
SG_004390,0.14873963550090777
SG_004391,0.11228520136712891
SG_004401,0.1592177730484858
SG_004404,0.294017529407411
SG_004405,0.17812853368370501
SG_004406,0.11104904717855732
SG_004408,0.1768461277394004
SG_004415,0.12802256111686577
SG_004417,0.14549100419727767
SG_004419,0.13493090612940892
SG_004420,0.3447917304784671
SG_004422,0.08978989389563521
SG_004423,0.11244655464062756
SG_004426,0.18074416305759572
SG_004427,0.07942703712199614
SG_004429,0.17462169383749443
SG_004432,0.12108381226281321
SG_004439,0.3333204323198553
SG_004445,0.23906211977177627
SG_004447,0.16539308516008025
SG_004448,0.1269010880879515
SG_004451,0.17599907172827203
SG_004457,0.14821334210530973
SG_004458,0.0329024409814543
SG_004460,0.10823997762177923
SG_004461,0.1749895883108602
SG_004462,0.09337850706225273
SG_004464,0.08410138538438408
SG_004465,0.15926510833937207
SG_004469,0.13064093644184557
SG_004474,0.1545016904433435
SG_004475,0.06327941590400699
SG_004476,0.09336740773100675
SG_004477,0.17723560002682473
SG_004480,0.25708497312347767
SG_004482,0.11974827972492588
SG_004484,0.1648869629838721
SG_004486,0.13796146404290985
SG_004494,0.32990489877269147
SG_004504,0.1339783093464551
SG_004508,0.1228394718867727
SG_004509,0.2277386260453662
SG_004511,0.241015230927283
SG_004514,0.16620249129954856
SG_004515,0.16441368117859906
SG_004518,0.162636257559147
SG_004521,0.09924350106587018
SG_004526,0.16036732721515953
SG_004530,0.23852040689888399
SG_004534,0.22182388869302477
SG_004536,0.14210299272330879
SG_004538,0.14196759210258758
SG_004539,0.19015891521803413
SG_004541,0.14971546183528844
SG_004549,0.14800511974768646
SG_004552,0.14908684015786117
SG_004553,0.15593572999440417
SG_004556,0.15555466869633713
SG_004559,0.11866201545136093
SG_004562,0.16729479471054715
SG_004565,0.052032640582423816
SG_004568,0.0772409896463717
SG_004576,0.15009900890276404
SG_004577,0.1398343310636779
SG_004593,0.27047386871532614
SG_004594,0.2457730611284843
SG_004600,0.2541043890327726
SG_004602,0.23713932650665656
SG_004608,0.1823615006630659
SG_004609,0.29902402686990187
SG_004612,0.09527552636512057
SG_004614,0.1830027529301954
SG_004617,0.25310900409729103
SG_004620,0.22727049674157415
SG_004623,0.16500520468252688
SG_004626,0.16277269186093785
SG_004631,0.1887254343879337
SG_004632,0.07511544381773262
SG_004633,0.14785750511859924
SG_004635,0.13091657457187228
SG_004637,0.13650793946635656
SG_004638,0.22656208576962683
SG_004641,0.21056902334942085
SG_004645,0.13627653514601676
SG_004652,0.1708665493374335
SG_004653,0.18474826445629533
SG_004655,0.19760717242583792
SG_004656,0.12255878444383381
SG_004658,0.10684598249607744
SG_004659,0.11245423334391147
SG_004662,0.11023483869301304
SG_004664,0.10339594366703411
SG_004668,0.13216365010705938
SG_004669,0.15403737715740093
SG_004672,0.20073671118460354
SG_004676,0.1867956941084199
SG_004682,0.09838024184902504
SG_004685,0.11223131562079075
SG_004689,0.09730492839766493
SG_004695,0.09064014499358058
SG_004697,0.12772438185326068
SG_004700,0.17728760462970028
SG_004701,0.19060521866665553
SG_004709,0.25380339318436684
SG_004710,0.1459313076043641
SG_004712,0.09605477595413597
SG_004716,0.16368387110643187
SG_004720,0.15465337356432746
SG_004721,0.05418163922404279
SG_004723,0.09666385000984538
SG_004731,0.08232775700228132
SG_004736,0.24280533777360214
SG_004737,0.17194581426811348
SG_004738,0.19413819179440778
SG_004739,0.2202719017963798
SG_004742,0.13463254334445945
SG_004751,0.20824251588671844
SG_004753,0.06701568073964709
SG_004755,0.26752874190739817
SG_004757,0.09539237059134745
SG_004760,0.19001915543505213
SG_004761,0.14375248553203412
SG_004762,0.2611560605242279
SG_004763,0.18478502768077576
SG_004764,0.36138039520165877
SG_004766,0.1792751571284903
SG_004769,0.16452370144182288
SG_004772,0.10761232749639554
SG_004773,0.16004124932416214
SG_004782,0.13442657486176096
SG_004784,0.23096193839258378
SG_004786,0.20265873506937343
SG_004787,0.17573413119116627
SG_004789,0.11519995876677039
SG_004797,0.12770765332169198
SG_004798,0.116542408572534
SG_004799,0.3736000604063877
SG_004801,0.19129501519359743
SG_004804,0.1898570593253322
SG_004813,0.17231184913380398
SG_004816,0.2049523930397854
SG_004817,0.12507797366765133
SG_004818,0.21597252875176304
SG_004821,0.09477939433355254
SG_004827,0.14731334510938465
SG_004828,0.10951734126046855
SG_004829,0.15262442807135645
SG_004830,0.23395730050264293
SG_004831,0.15456143069738354
SG_004836,0.1469524713085164
SG_004840,0.1002068578505813
SG_004842,0.1707803401079613
SG_004844,0.0934966884651331
SG_004846,0.16416077682414568
SG_004853,0.11723329583903946
SG_004855,0.1858979234790068
SG_004856,0.08717212476345225
SG_004866,0.07177722271662906
SG_004867,0.08754630683468233
SG_004868,0.29241556993632084
SG_004873,0.2210004291681812
SG_004877,0.1221128919192563
SG_004881,0.14447709382336715
SG_004882,0.14926110498587614
SG_004887,0.14647930646621266
SG_004898,0.19569793464027962
SG_004900,0.1713178398013988
SG_004906,0.16680445925721066
SG_004907,0.09007112677129525
SG_004912,0.3128237100616343
SG_004913,0.1031196575809481
SG_004919,0.11656855914705033
SG_004922,0.11460148894228574
SG_004923,0.1504741523904244
SG_004925,0.23740216499287525
SG_004927,0.1670057099945654
SG_004929,0.2392461435980705
SG_004930,0.1420681006470978
SG_004939,0.20391422215492047
SG_004942,0.16299100730311353
SG_004944,0.17926754848687715
SG_004945,0.12896180986709882
SG_004959,0.2276797071457305
SG_004960,0.1465112445427836
SG_004964,0.05631251036086282
SG_004968,0.2673476567663179
SG_004969,0.18578896504867684
SG_004973,0.324827827492721
SG_004975,0.10866156163688327
SG_004981,0.1914325095974579
SG_004985,0.15743645223734404
SG_004988,0.21579959650372604
SG_004990,0.12016731897444516
SG_004993,0.1699395026553993
SG_004997,0.14473582145168426
SG_005000,0.054683123792407494
SG_005002,0.2645707094371788
SG_005004,0.15837641148758602
SG_005011,0.17904044835403077
SG_005013,0.10095745115042797
SG_005018,0.09124518010719329
SG_005019,0.08609785887726502
SG_005020,0.1307612343951844
SG_005022,0.11734470136575259
SG_005027,0.1503914967043396
SG_005029,0.1600787831155407
SG_005030,0.14293661826375076
SG_005031,0.11867803029090432
SG_005033,0.044865090026782635
SG_005037,0.10540560831318008
SG_005041,0.05687703929141959
SG_005048,0.17027088061839543
SG_005049,0.08135786493592119
SG_005052,0.13742189803291893
SG_005057,0.13558737475548324
SG_005058,0.0993423209948835
SG_005062,0.20320287930600264
SG_005080,0.16436639786670149
SG_005085,0.18263914067501708
SG_005086,0.25914981770956164
SG_005089,0.238445630813123
SG_005090,0.05982103872040762
SG_005091,0.23924896330777334
SG_005094,0.17425069398226256
SG_005097,0.1963364908520773
SG_005098,0.17273473669754125
SG_005100,0.29774542105786833
SG_005101,0.1684083057155093
SG_005102,0.1250339475001151
SG_005108,0.40866475203388863
SG_005110,0.20443170670391858
SG_005114,0.0665905132355156
SG_005120,0.08636767513580894
SG_005122,0.1536647608956573
SG_005123,0.1687942041701015
SG_005126,0.23698487051615846
SG_005131,0.1286916496178092
SG_005132,0.15571411249852654
SG_005134,0.1869096340191614
SG_005137,0.13998403947239457
SG_005140,0.11872924782618274
SG_005141,0.155674832955265
SG_005142,0.3072296012675041
SG_005143,0.2904544460380975
SG_005148,0.08254696236763626
SG_005161,0.13310916258919755
SG_005168,0.18237100264800524
SG_005170,0.10207138613453309
SG_005171,0.11971109635418781
SG_005174,0.1290244846821327
SG_005175,0.11577322090090755
SG_005178,0.2477148149459706
SG_005179,0.11174189253325445
SG_005188,0.2629419643670146
SG_005190,0.19960569135731832
SG_005191,0.20268285786018927
SG_005194,0.21906007239030495
SG_005196,0.18889126645899507
SG_005199,0.13889099217869538
SG_005200,0.0907675576877604
SG_005203,0.1463824970594255
SG_005205,0.21054622706550177
SG_005213,0.113318970166548
SG_005214,0.17900945210338196
SG_005216,0.29218588444665083
SG_005220,0.06346938171280335
SG_005224,0.09323566855634771
SG_005228,0.1587677345338947
SG_005233,0.16810500270180473
SG_005235,0.2100032123493261
SG_005240,0.083326120330882
SG_005241,0.20747746377749585
SG_005246,0.18032821106317587
SG_005247,0.1123663857744752
SG_005248,0.15485743064253185
SG_005250,0.15279496505361392
SG_005251,0.14172306385453465
SG_005253,0.13500249401616035
SG_005255,0.0864878613222699
SG_005264,0.27897640490685366
SG_005268,0.13022644132401462
SG_005270,0.15393571791117405
SG_005277,0.1810801638481534
SG_005282,0.09184832962031694
SG_005283,0.15784940550024873
SG_005284,0.18622676571853086
SG_005287,0.22470899584243964
SG_005289,0.1519920165451671
SG_005291,0.1680474299569254
SG_005292,0.068074807863335
SG_005296,0.09553218900011529
SG_005302,0.1724413090679421
SG_005305,0.19655751657556783
SG_005311,0.1601487524260553
SG_005312,0.10688392036851924
SG_005313,0.15829223454919814
SG_005316,0.20847939217659908
SG_005320,0.09517657029700159
SG_005321,0.15542435872360738
SG_005322,0.27874617578910577
SG_005323,0.1889657516402612
SG_005325,0.1877012141223471
SG_005328,0.13080853409356272
SG_005329,0.13282210710278375
SG_005332,0.21852610357012217
SG_005333,0.281815994182586
SG_005335,0.09973553517167363
SG_005340,0.24485438165039863
SG_005341,0.07314253359214708
SG_005346,0.15993940345996596
SG_005350,0.250126247422918
SG_005351,0.09332059221562908
SG_005353,0.1435604882207425
SG_005356,0.08239906836738022
SG_005360,0.19226293866298377
SG_005362,0.20276261974580642
SG_005363,0.13744730721661158
SG_005365,0.3169999143637846
SG_005371,0.11989557425225347
SG_005372,0.1419571589131063
SG_005376,0.14319404434591504
SG_005378,0.1695405928119128
SG_005379,0.09076415751502714
SG_005380,0.20476478681816024
SG_005384,0.265348665441732
SG_005386,0.18552185248740696
SG_005387,0.2507109770128658
SG_005397,0.16132982940921503
SG_005401,0.15357375815434562
SG_005408,0.0924879707065987
SG_005412,0.15482104237839836
SG_005414,0.2112792121175719
SG_005421,0.13554244369239427
SG_005424,0.1112446593870583
SG_005428,0.15235247978177804
SG_005432,0.18190996280602018
SG_005439,0.25907818834144347
SG_005444,0.2329909332473892
SG_005445,0.20716893992805216
SG_005446,0.2688090026681178
SG_005447,0.3433469031304409
SG_005449,0.13161009393574644
SG_005450,0.2147537987364956
SG_005451,0.14582643519956853
SG_005452,0.17623546436973742
SG_005456,0.21524455986120988
SG_005457,0.08523112218556075
SG_005459,0.11430775030549553
SG_005460,0.2408764149884167
SG_005465,0.16383530301564783
SG_005466,0.26176834606698984
SG_005470,0.12502822548893916
SG_005473,0.1460576938504334
SG_005477,0.19670574549364184
SG_005486,0.10650625886360449
SG_005489,0.1463384863167046
SG_005491,0.16856832534673172
SG_005496,0.11543011704960579
SG_005497,0.2511439626029723
SG_005499,0.1437378545445631
SG_005503,0.15046477381001724
SG_005504,0.16722075007953036
SG_005506,0.19543316568241514
SG_005510,0.09269592142700005
SG_005511,0.3578336036768075
SG_005515,0.07224325537419206
SG_005518,0.16912028141649724
SG_005519,0.2887525496092218
SG_005524,0.21941653662214622
SG_005529,0.22376942899722319
SG_005530,0.12406965086040356
SG_005531,0.13332133535260893
SG_005532,0.06607659685658218
SG_005534,0.1942990971472699
SG_005535,0.20417007601214587
SG_005541,0.1409151528483672
SG_005542,0.08800445168432014
SG_005550,0.07516935921473784
SG_005555,0.13430427143622967
SG_005557,0.13272610512071426
SG_005565,0.15071041056459467
SG_005569,0.20627238282166624
SG_005572,0.099402230751331
SG_005575,0.13948032571929075
SG_005579,0.27686624443770297
SG_005580,0.18635357039908693
SG_005583,0.12824538698983823
SG_005591,0.14962750099947114
SG_005592,0.12149991427438903
SG_005593,0.2309659715162588
SG_005594,0.12403578519899003
SG_005599,0.16234020756897694
SG_005603,0.1835869685376928
SG_005606,0.09114618402063797
SG_005611,0.11506083081473598
SG_005615,0.35377248143939144
SG_005622,0.204462672095184
SG_005625,0.13826519988428415
SG_005630,0.1444987342603038
SG_005634,0.12085202749041496
SG_005635,0.16632727098946312
SG_005636,0.19618877411515168
SG_005638,0.25437491007347995
SG_005640,0.15812596994768383
SG_005643,0.09851460430560222
SG_005644,0.1850881300916154
SG_005645,0.1950628231637617
SG_005650,0.16834583466472586
SG_005654,0.13864399451074436
SG_005655,0.13172077840913604
SG_005656,0.16091838347145138
SG_005661,0.2196193137865372
SG_005664,0.12331922327530512
SG_005666,0.14699087165282088
SG_005671,0.15800404181562894
SG_005681,0.13375530374150885
SG_005683,0.1829905647308107
SG_005687,0.14693722215067168
SG_005688,0.25428074058278083
SG_005691,0.18130691156230858
SG_005692,0.16534471989149235
SG_005693,0.14243314080036173
SG_005694,0.19836673162532803
SG_005696,0.16934090956579834
SG_005703,0.2076539803258603
SG_005704,0.11262629825870099
SG_005706,0.16688246296471967
SG_005707,0.1742304538267652
SG_005713,0.3260167530135988
SG_005715,0.1033234044403382
SG_005719,0.14727640016923355
SG_005722,0.14163157612269334
SG_005724,0.3157422209773262
SG_005725,0.14392011898959964
SG_005726,0.14898247011318405
SG_005730,0.2317576427282637
SG_005735,0.120641871787419
SG_005736,0.1659921327488839
SG_005740,0.20516203982514356
SG_005748,0.21513850755396585
SG_005750,0.1270820653181495
SG_005753,0.1807237479820483
SG_005758,0.07977451935296273
SG_005759,0.1428959904029222
SG_005764,0.1084916549202952
SG_005765,0.10908580294455802
SG_005772,0.19877698978305175
SG_005773,0.06915094960675
SG_005776,0.16079101783634453
SG_005778,0.13010124181114224
SG_005784,0.12593184126646653
SG_005786,0.11604160683315266
SG_005789,0.13482597952709452
SG_005794,0.1909660049022499
SG_005796,0.1526608789613291
SG_005801,0.08591710575039305
SG_005807,0.10714799883285032
SG_005809,0.16807318151169093
SG_005811,0.14804824171872855
SG_005813,0.10506801009560603
SG_005814,0.20593254191031293
SG_005817,0.08032819105188065
SG_005818,0.11179980552041448
SG_005820,0.17493897491874608
SG_005821,0.13157585522653237
SG_005824,0.14683814052567945
SG_005825,0.09612636910785652
SG_005827,0.1299199771425717
SG_005828,0.13827252294077805
SG_005830,0.13309956639354611
SG_005838,0.2529646838140164
SG_005840,0.3167569438893195
SG_005842,0.2096100808948912
SG_005846,0.11286912423973192
SG_005847,0.12736609503286433
SG_005848,0.15670516624720998
SG_005857,0.14807549564044484
SG_005861,0.11089535651714186
SG_005862,0.16425650251850119
SG_005871,0.10363810207819915
SG_005872,0.18121199627403983
SG_005873,0.10176840682341372
SG_005874,0.15981460298698918
SG_005875,0.12218645416870895
SG_005877,0.2080685564160597
SG_005880,0.1664030600431769
SG_005884,0.1416405339262627
SG_005892,0.1877649376890538
SG_005894,0.1355039988078518
SG_005898,0.20333006262600012
SG_005899,0.18589865794829397
SG_005905,0.17712773208349414
SG_005909,0.16002782574728064
SG_005910,0.18596704784832135
SG_005920,0.15384605766419698
SG_005921,0.3045142052974366
SG_005922,0.12389797746610927
SG_005925,0.23996550809188977
SG_005928,0.14785408940633826
SG_005932,0.09298261955340124
SG_005934,0.21794241202769685
SG_005935,0.17622031565273705
SG_005937,0.18979822915828937
SG_005939,0.10022850403449853
SG_005943,0.14474917577385318
SG_005951,0.13531572898997465
SG_005955,0.15264189754458365
SG_005959,0.24004060397982102
SG_005966,0.18715534630139974
SG_005967,0.392413676906018
SG_005969,0.16292464499496473
SG_005976,0.268950532933293
SG_005977,0.13137054336878615
SG_005979,0.21135349861950492
SG_005980,0.0932504169894738
SG_005985,0.26013164209985656
SG_005986,0.1343694031363829
SG_005991,0.21548399133772006
SG_005999,0.10700587293108285
SG_006000,0.16686761662560223
SG_006004,0.38593899582929386
SG_006009,0.31585271969767487
SG_006012,0.14939804000733461
SG_006013,0.0858663656933781
SG_006022,0.1361337823339014
SG_006023,0.23819713544659038
SG_006026,0.1781368313828852
SG_006028,0.19743381414335853
SG_006029,0.1463557590569865
SG_006033,0.2189166872290065
SG_006035,0.18615573971559468
SG_006036,0.5188422606134913
SG_006038,0.21909158706640613
SG_006039,0.1525115900657475
SG_006041,0.18357907399973003
SG_006047,0.11937447301362715
SG_006049,0.2893388987164611
SG_006050,0.20879121611232543
SG_006054,0.1100066095020145
SG_006063,0.06657527548311738
SG_006067,0.18703116008267875
SG_006069,0.2812128905995233
SG_006073,0.12704778226776056
SG_006074,0.1751519864359617
SG_006075,0.17343670616941945
SG_006076,0.19683456566257318
SG_006077,0.21227127398820533
SG_006079,0.1761835695359119
SG_006081,0.0843889629235029
SG_006086,0.2825217792202904
SG_006092,0.23276686449361228
SG_006095,0.14246514063201401
SG_006097,0.15635420662916746
SG_006099,0.25874918360105403
SG_006101,0.139225737979898
SG_006112,0.19832691011346248
SG_006122,0.15750979106872415
SG_006127,0.21083708930793515
SG_006131,0.10005925639572459
SG_006133,0.1353534218244041
SG_006136,0.25930533116280086
SG_006137,0.11915885638116097
SG_006140,0.13627289738222315
SG_006143,0.14934963208161284
SG_006148,0.11353614908347451
SG_006150,0.22235407291491138
SG_006151,0.2678171673924534
SG_006154,0.09992015363708526
SG_006161,0.09913939880669553
SG_006163,0.15153920663171455
SG_006169,0.09253439244490927
SG_006170,0.09587411349120714
SG_006179,0.13073406730821882
SG_006181,0.170796434072711
SG_006184,0.12466445523909318
SG_006187,0.13647431777197788
SG_006189,0.1644050220538957
SG_006197,0.09556132313695079
SG_006202,0.07826246620805245
SG_006206,0.14314480559492285
SG_006212,0.1613909808123089
SG_006213,0.1465733899178763
SG_006218,0.13630065163268942
SG_006222,0.16834733753372516
SG_006224,0.10260573137443627
SG_006225,0.1549384643748016
SG_006226,0.26473112730535836
SG_006229,0.16177333452700726
SG_006237,0.09889264786833774
SG_006238,0.11920182758582583
SG_006240,0.122359799928548
SG_006241,0.13461971363128067
SG_006242,0.11239271249705478
SG_006244,0.18675207011416767
SG_006245,0.1023184207464023
SG_006247,0.16960462876287924
SG_006250,0.16467363412031716
SG_006251,0.15825708363431434
SG_006252,0.16630949894086994
SG_006254,0.39849661334238096
SG_006256,0.1323605310091694
SG_006260,0.16337264437995758
SG_006262,0.1425410384984891
SG_006263,0.1730098324089917
SG_006264,0.11344229953958493
SG_006266,0.35357399007986257
SG_006269,0.23159274464945293
SG_006275,0.22695212512527163
SG_006277,0.07979138362302723
SG_006283,0.1545620080456444
SG_006284,0.11084886375659594
SG_006287,0.21516349381135438
SG_006288,0.15207532712582553
SG_006300,0.2204269809233725
SG_006301,0.1399400395334598
SG_006304,0.1118661223258426
SG_006306,0.13140512129790777
SG_006313,0.253996137112831
SG_006315,0.14528620554573365
SG_006317,0.15625157851985666
SG_006320,0.17471821224179815
SG_006322,0.337916320883086
SG_006326,0.13835061541164498
SG_006328,0.3206113470938799
SG_006331,0.12191916833628239
SG_006337,0.1766859602477988
SG_006340,0.1739973993042051
SG_006345,0.16219451629037046
SG_006348,0.1479888642795279
SG_006349,0.15231943075063586
SG_006356,0.10298885360669366
SG_006357,0.15568351229509944
SG_006358,0.13406756874712533
SG_006360,0.20241178929652284
SG_006371,0.14281812510298353
SG_006373,0.20029514786554742
SG_006380,0.15913851264111933
SG_006382,0.06598271699134582
SG_006388,0.1243276495258136
SG_006393,0.15499241355286805
SG_006394,0.06666365624452134
SG_006396,0.15443052399172266
SG_006398,0.16637481266564172
SG_006400,0.1537421792289685
SG_006403,0.14852585558891912
SG_006404,0.09048869820339242
SG_006411,0.11014926125621172
SG_006417,0.16902963161752008
SG_006418,0.282931004106391
SG_006420,0.14812691803852626
SG_006421,0.15961699376343455
SG_006423,0.17256771737694798
SG_006424,0.1513276790643116
SG_006429,0.2462425417446346
SG_006435,0.1713887329358816
SG_006438,0.1607512194244527
SG_006439,0.17276408292863005
SG_006441,0.15717123799164068
SG_006445,0.15553631890519584
SG_006446,0.12167286961177823
SG_006448,0.174953120955231
SG_006451,0.07231733808542246
SG_006452,0.14419961236466922
SG_006455,0.14369740938825074
SG_006463,0.18487181708957953
SG_006467,0.11701756288705906
SG_006469,0.18878867257710852
SG_006470,0.1134079094693218
SG_006477,0.07508963107233019
SG_006480,0.2355367714868616
SG_006486,0.22889904570180789
SG_006487,0.06915307802563371
SG_006488,0.1981709247757038
SG_006490,0.23588769342879884
SG_006491,0.151403829030669
SG_006493,0.06725626441039825
SG_006494,0.1703688201852923
SG_006496,0.12036017551268462
SG_006497,0.2107099900169611
SG_006498,0.21632054454545407
SG_006500,0.19543640578193805
SG_006502,0.07170981080601777
SG_006503,0.2187634046664963
SG_006505,0.15252018497406095
SG_006506,0.15029769680459262
SG_006507,0.08100806804082475
SG_006512,0.08680202468011564
SG_006516,0.1682325958396087
SG_006520,0.1458514875825027
SG_006522,0.1294673370628336
SG_006528,0.14361004021898016
SG_006534,0.18490174751967242
SG_006535,0.2442560225455476
SG_006536,0.0629801333284217
SG_006537,0.2610373149602851
SG_006539,0.23293518701061422
SG_006541,0.10423261496626095
SG_006543,0.24326754246955226
SG_006545,0.1954370493286295
SG_006548,0.12247312931060822
SG_006550,0.090268706827236
SG_006551,0.08138686726040921
SG_006557,0.12028548258541469
SG_006560,0.15465197650641088
SG_006564,0.21521782643070408
SG_006566,0.15033367269327585
SG_006567,0.13209779833940444
SG_006577,0.12883750620831969
SG_006579,0.12488773513599871
SG_006581,0.056054140346479375
SG_006588,0.19817338139433516
SG_006592,0.1476884131801692
SG_006597,0.11460920221294192
SG_006601,0.10554899902910861
SG_006607,0.12700156353028255
SG_006608,0.09973053251435121
SG_006610,0.10894519919267978
SG_006615,0.29973180119669784
SG_006616,0.10289247250687365
SG_006620,0.16976373397018074
SG_006622,0.10202301303448273
SG_006623,0.15141129510755716
SG_006624,0.17433475958430308
SG_006626,0.22008141216075802
SG_006627,0.187724673050993
SG_006633,0.12495999806567064
SG_006637,0.15910594407291195
SG_006638,0.18886851736841553
SG_006639,0.2562339182799306
SG_006644,0.21024486509698243
SG_006645,0.12194256050356392
SG_006651,0.15062006676606624
SG_006659,0.08013955907541015
SG_006664,0.10278495347769309
SG_006668,0.1269425697592276
SG_006673,0.09009276488349093
SG_006687,0.1296753127428157
SG_006688,0.21752927600078453
SG_006690,0.20402066481900458
SG_006693,0.15971870484757594
SG_006698,0.05946132362832139
SG_006700,0.21190848603542706
SG_006706,0.0972428539464368
SG_006710,0.08314343700929255
SG_006713,0.1260141867026071
SG_006716,0.122915217087722
SG_006728,0.13141283762294284
SG_006734,0.29703416112773967
SG_006736,0.20742197349213218
SG_006744,0.09035922897669754
SG_006745,0.11643151388385017
SG_006749,0.12122607519584075
SG_006758,0.13678553180798217
SG_006760,0.15813176314409536
SG_006765,0.21802911454868398
SG_006766,0.15138205169574015
SG_006769,0.16907577402464363
SG_006778,0.14946055224377405
SG_006780,0.23797096856121208
SG_006781,0.191608342670747
SG_006786,0.1556961063305311
SG_006789,0.15675639201113206
SG_006792,0.10165651626302435
SG_006793,0.0871514575011203
SG_006800,0.16474379661329594
SG_006802,0.14382264383032003
SG_006808,0.30566448044350064
SG_006820,0.1028584250637209
SG_006833,0.14278705023450217
SG_006835,0.14558895972124822
SG_006837,0.1401361809056485
SG_006841,0.14162604212900248
SG_006847,0.15799092354446356
SG_006848,0.10687383733689762
SG_006851,0.1175146637547013
SG_006852,0.2576796375700678
SG_006860,0.1250277757837283
SG_006861,0.11856182749920008
SG_006863,0.10922044719931398
SG_006866,0.19450079436774886
SG_006868,0.22732141213704826
SG_006874,0.2015664287624368
SG_006877,0.12839172492906448
SG_006879,0.102628411392796
SG_006880,0.16180150500759652
SG_006881,0.20555719939234984
SG_006889,0.039971931591758374
SG_006890,0.15321242683852213
SG_006897,0.21666635841234624
SG_006901,0.1503080493076388
SG_006908,0.11955571398427622
SG_006910,0.17037263704990002
SG_006914,0.3154645991396897
SG_006918,0.15075793066745263
SG_006924,0.11664995873194722
SG_006925,0.17858697794613207
SG_006927,0.06892197995492849
SG_006929,0.13571996047131873
SG_006937,0.12965428412814642
SG_006938,0.15457831672930827
SG_006940,0.1784522471835533
SG_006942,0.12005703359098632
SG_006945,0.1359369452643186
SG_006949,0.18403264067698494
SG_006950,0.2574269722107291
SG_006951,0.14352832701414306
SG_006953,0.09022813410161355
SG_006954,0.13654965307593642
SG_006956,0.20376188915315416
SG_006957,0.143594570796629
SG_006962,0.12484960950602766
SG_006963,0.2954117925549504
SG_006964,0.11506968392990946
SG_006966,0.13263557506615353
SG_006970,0.17574539360542574
SG_006971,0.21736657827187172
SG_006972,0.14831387267330973
SG_006974,0.2881770195022491
SG_006977,0.13824116290755822
SG_006978,0.11824306510122318
SG_006981,0.30087177790230346
SG_006982,0.2044958163362383
SG_006983,0.06944535993956741
SG_006984,0.10369178120790859
SG_006987,0.2057455376549318
SG_006994,0.12755737180699725
SG_006997,0.06635193849442157
SG_007002,0.1713459228489587
SG_007005,0.20265864017544216
SG_007009,0.25142721379901867
SG_007011,0.19525290083818309
SG_007017,0.1108479687029906
SG_007018,0.07672534506296952
SG_007019,0.11784126780678497
SG_007029,0.18912015579732946
SG_007030,0.13797613777738216
SG_007033,0.16957373751504023
SG_007040,0.1360144248143105
SG_007047,0.1587243661258401
SG_007054,0.058192432764492055
SG_007055,0.32679529285533815
SG_007056,0.12027673511865297
SG_007061,0.13374800976641735
SG_007062,0.09435098639794473
SG_007067,0.14448499596646097
SG_007068,0.12611878615742392
SG_007069,0.2453089424371058
SG_007073,0.09207484834092454
SG_007075,0.15818115637168262
SG_007076,0.11435881716209619
SG_007078,0.3199452366077218
SG_007080,0.14194446859558132
SG_007091,0.1642590223414213
SG_007095,0.18885488221457575
SG_007100,0.19092639664687377
SG_007104,0.13807110232178288
SG_007112,0.142546781118876
SG_007114,0.1845363971694944
SG_007127,0.1453416781360957
SG_007130,0.08898937015961718
SG_007133,0.23133296898823452
SG_007136,0.11912835105150946
SG_007138,0.18261759677216396
SG_007139,0.14770472121856681
SG_007143,0.10127728518102287
SG_007146,0.13533148983221727
SG_007150,0.08382676888718245
SG_007155,0.11497057574225372
SG_007157,0.1211691835479621
SG_007160,0.156248631087002
SG_007162,0.13109604928962673
SG_007163,0.12066536672223782
SG_007166,0.20937006279234935
SG_007168,0.18027853912180314
SG_007170,0.14420139244236438
SG_007179,0.1798513480344877
SG_007181,0.10908474652777997
SG_007183,0.174207516098173
SG_007186,0.11450349851558794
SG_007202,0.11224905166404096
SG_007203,0.1830511579989542
SG_007204,0.09307276267523784
SG_007205,0.3048139636426946
SG_007210,0.2598245236116957
SG_007212,0.15064934765114216
SG_007215,0.141998478077396
SG_007218,0.1690380910311746
SG_007226,0.19395831501171173
SG_007229,0.11277215491652735
SG_007231,0.23409437003241756
SG_007234,0.14156701129647653
SG_007237,0.21890006055418354
SG_007239,0.07834719460108705
SG_007240,0.1508601297144557
SG_007249,0.1777795603756816
SG_007252,0.10777594035615212
SG_007255,0.14208697925972263
SG_007256,0.18760477412050672
SG_007257,0.2026135551991347
SG_007263,0.1948397709515123
SG_007264,0.1770142283624826
SG_007265,0.1518159451619379
SG_007268,0.17499067087304832
SG_007271,0.11106507792046111
SG_007275,0.16835949145833232
SG_007280,0.11604726864490805
SG_007281,0.1583278534872687
SG_007282,0.12845208011322032
SG_007283,0.14539047156909857
SG_007287,0.10533165943548027
SG_007288,0.2649538846236342
SG_007301,0.18848560256211414
SG_007307,0.18047628278514632
SG_007310,0.1524856519599761
SG_007312,0.1401341673990128
SG_007314,0.26604278208082
SG_007319,0.17512000771415204
SG_007326,0.08308526643530925
SG_007331,0.16713048391281254
SG_007333,0.29800419672920825
SG_007334,0.14539085366192872
SG_007338,0.07913170492465722
SG_007340,0.25812348420210357
SG_007345,0.05998699326265338
SG_007349,0.1453160538617449
SG_007356,0.14783888316101676
SG_007358,0.09943871141159326
SG_007368,0.10449731570569556
SG_007370,0.21255803602859627
SG_007371,0.4287238340497471
SG_007372,0.18697339649999933
SG_007375,0.10720203266356175
SG_007378,0.1305090019147797
SG_007379,0.10762528543997225
SG_007380,0.19956194053523033
SG_007383,0.1108723463034022
SG_007384,0.14003466535698886
SG_007389,0.1656905160646018
SG_007390,0.16629396162229504
SG_007401,0.24427248466382978
SG_007403,0.12358742738119939
SG_007406,0.13002896370012582
SG_007409,0.3224434806161095
SG_007410,0.31981696957448114
SG_007413,0.16812395835643823
SG_007416,0.13995354422572828
SG_007419,0.14830176012684054
SG_007420,0.22413053091966442
SG_007423,0.15531009161959844
SG_007424,0.26820918155759843
SG_007428,0.21349157903467145
SG_007433,0.1880061108123769
SG_007434,0.12916796512880346
SG_007437,0.22186601191764005
SG_007441,0.16708635092121238
SG_007443,0.16092145950614742
SG_007450,0.09951951799626799
SG_007452,0.14042842886509282
SG_007455,0.19044390933672506
SG_007462,0.12001800479987465
SG_007464,0.28196087108549184
SG_007466,0.13491400979216447
SG_007469,0.12923537051323178
SG_007470,0.30343406592645417
SG_007472,0.15153553669038292
SG_007476,0.20369158295127907
SG_007486,0.29659085954389763
SG_007489,0.17523348262918148
SG_007490,0.22712804492669608
SG_007495,0.25252331159876445
SG_007499,0.1836196828677258
SG_007506,0.12086018819042002
SG_007508,0.10795633069993629
SG_007509,0.12117091732247062
SG_007517,0.170888009813357
SG_007518,0.24496075685012192
SG_007522,0.24068380240204093
SG_007524,0.1926424991261147
SG_007527,0.06510368124430808
SG_007535,0.11906814513005698
SG_007540,0.1897753814546388
SG_007546,0.10905162864163931
SG_007552,0.17016867702838168
SG_007553,0.14644403229839537
SG_007557,0.11131488095965347
SG_007558,0.2622022016210168
SG_007560,0.14999141681480474
SG_007568,0.09884484173408611
SG_007571,0.1848779011672364
SG_007573,0.14780986607360622
SG_007577,0.12779728984986105
SG_007578,0.15744334518611824
SG_007579,0.06022232275931001
SG_007582,0.2756810793260076
SG_007586,0.13764267787428724
SG_007587,0.24342706070916847
SG_007589,0.17017208038774628
SG_007591,0.08036305481800839
SG_007595,0.12045461983537281
SG_007597,0.1662655449592101
SG_007599,0.10792341446056825
SG_007602,0.17929620569829552
SG_007605,0.08157692862618558
SG_007609,0.09481151625285472
SG_007614,0.18704919548133836
SG_007620,0.10204625219105282
SG_007628,0.32570578376162596
SG_007630,0.21076448720603902
SG_007646,0.22093453830154783
SG_007648,0.1743578862847046
SG_007654,0.1699361868356324
SG_007655,0.18809024887890413
SG_007656,0.2925795028907323
SG_007657,0.14473057656345512
SG_007658,0.10412326513940243
SG_007659,0.23252879326186793
SG_007660,0.15470096266465658
SG_007663,0.1082613729782616
SG_007665,0.17670840387686093
SG_007667,0.1318680731565187
SG_007670,0.22993117589216286
SG_007678,0.14858817032870675
SG_007679,0.30027442508395974
SG_007681,0.10073969598448368
SG_007685,0.16081703894143776
SG_007686,0.20311114145852321
SG_007687,0.15092258774398337
SG_007688,0.111267804651016
SG_007691,0.24979860671308318
SG_007696,0.1624760025266991
SG_007698,0.08083118030025428
SG_007700,0.2388045665586884
SG_007703,0.12453898363710855
SG_007704,0.133073546556365
SG_007706,0.16608713865555952
SG_007711,0.11676504948007578
SG_007712,0.18135976331424183
SG_007714,0.12572293240478855
SG_007717,0.15174417158891396
SG_007719,0.16465871333013948
SG_007720,0.13564507209705082
SG_007721,0.14886657512319773
SG_007728,0.12032427165618353
SG_007737,0.40627308709255205
SG_007741,0.16707898952235906
SG_007742,0.12964021243584523
SG_007744,0.1528398026982007
SG_007746,0.260796906752122
SG_007748,0.11391405159991988
SG_007750,0.08261880011127253
SG_007751,0.07328801197610459
SG_007752,0.09237262166198433
SG_007758,0.15802436849883567
SG_007760,0.13574917456025293
SG_007762,0.17626976473122485
SG_007770,0.15933428740007516
SG_007772,0.22252338616558928
SG_007776,0.13890834650827216
SG_007780,0.17543169483775586
SG_007781,0.15013638582860778
SG_007782,0.09303120073564325
SG_007787,0.23631283017468419
SG_007800,0.1768573100878995
SG_007801,0.15053941511843552
SG_007804,0.09670878555286742
SG_007805,0.19268588041734502
SG_007807,0.13789351227003488
SG_007808,0.2363348982282663
SG_007813,0.20331291088146425
SG_007815,0.11480962875831088
SG_007817,0.15769914647098204
SG_007818,0.16586982106796666
SG_007820,0.23780614933770058
SG_007822,0.08612706046622906
SG_007823,0.12843779989947138
SG_007824,0.17773097752298847
SG_007834,0.19589518554146854
SG_007836,0.12573421321398776
SG_007839,0.11511969124163361
SG_007842,0.11313058732909055
SG_007844,0.10514518766675413
SG_007846,0.15104445877441522
SG_007849,0.1249351763643401
SG_007858,0.17272618792408065
SG_007864,0.25969344669260036
SG_007866,0.11580804323522345
SG_007875,0.15021049209834603
SG_007876,0.13892336145362058
SG_007880,0.1842935985012801
SG_007884,0.20972405885629225
SG_007889,0.22798301351841357
SG_007892,0.08018124898102444
SG_007897,0.08960531715946515
SG_007898,0.1712223457693214
SG_007899,0.14322174853573805
SG_007901,0.17391977098487651
SG_007908,0.29736091006017645
SG_007910,0.17856710557716418
SG_007922,0.1867938182658303
SG_007923,0.1658064921178439
SG_007926,0.11914505488045986
SG_007931,0.14306119426834568
SG_007933,0.18156570321269258
SG_007939,0.13703518300723536
SG_007940,0.126543067791856
SG_007946,0.0960515049240122
SG_007947,0.16353874084057343
SG_007948,0.21486098781366816
SG_007954,0.06488999360129892
SG_007957,0.07714787764589431
SG_007960,0.24267678416443605
SG_007964,0.1416017889133842
SG_007965,0.14398069118585044
SG_007980,0.22100931495781492
SG_007985,0.11114464164713292
SG_007992,0.13483352250450795
SG_007996,0.280955614339887
SG_007998,0.14243806768602596
SG_007999,0.14875322724790604
SG_008014,0.19512671084459007
SG_008015,0.18658240224061684
SG_008020,0.2631408953181588
SG_008026,0.09794139643207023
SG_008033,0.14266041612928818
SG_008043,0.14125013184739915
SG_008050,0.13080794895823147
SG_008055,0.13717885328106408
SG_008056,0.2645657209085581
SG_008058,0.2734859225870861
SG_008067,0.07887044971361454
SG_008074,0.18277871037337273
SG_008076,0.17699095839797246
SG_008081,0.15961263709598056
SG_008091,0.11192918400466831
SG_008099,0.09360262248470955
SG_008100,0.12468852452865362
SG_008101,0.15298831844167593
SG_008104,0.19371929885434688
SG_008115,0.20615349799325688
SG_008117,0.09880483156353406
SG_008118,0.21233457730381747
SG_008127,0.16332183275807538
SG_008131,0.20420511784069756
SG_008133,0.15015069947796958
SG_008137,0.19244557795503986
SG_008140,0.2068859678723482
SG_008141,0.22223372543386882
SG_008145,0.06718655916972562
SG_008152,0.1298011420749653
SG_008156,0.17239233979878377
SG_008160,0.06997309298567259
SG_008164,0.2752078526081169
SG_008167,0.1869245470305695
SG_008175,0.09045040582163988
SG_008176,0.18141864173078834
SG_008183,0.19765482171816384
SG_008188,0.15572970170838
SG_008191,0.0891741627914103
SG_008192,0.11220051872305584
SG_008193,0.16068687927461503
SG_008195,0.21987824327312508
SG_008202,0.21038008817559645
SG_008213,0.232557149594746
SG_008217,0.2155757720429416
SG_008224,0.19086296889924853
SG_008228,0.1849916128989409
SG_008229,0.09787336295436479
SG_008237,0.1638972851078559
SG_008242,0.13248969058587173
SG_008246,0.22507290124450838
SG_008248,0.13870335955445814
SG_008249,0.1919446673582974
SG_008253,0.1576821443007816
SG_008257,0.13541093715478286
SG_008261,0.18041009297916583
SG_008264,0.17182555639780167
SG_008265,0.24670424287060716
SG_008281,0.12248124734378699
SG_008283,0.15037253780253515
SG_008287,0.13527450348315512
SG_008291,0.2082189585541998
SG_008293,0.11417140136036313
SG_008294,0.27829622782085894
SG_008296,0.156610946853349
SG_008298,0.16420708884928775
SG_008309,0.17391306483433888
SG_008310,0.1543741357652033
SG_008312,0.08894390633936268
SG_008316,0.16167289663511505
SG_008317,0.102742648181594
SG_008318,0.13419129132143365
SG_008327,0.07331261527312058
SG_008330,0.18532942976943081
SG_008333,0.0865890488232036
SG_008336,0.09630590652514702
SG_008345,0.1920350639397878
SG_008347,0.21002752473639366
SG_008355,0.09665408896539945
SG_008358,0.1342892040456064
SG_008359,0.19562003439563394
SG_008360,0.16132953654530785
SG_008361,0.12217102596224125
SG_008362,0.26172860798241493
SG_008365,0.13584054399964798
SG_008366,0.29153664950032754
SG_008375,0.17117028467394374
SG_008376,0.17412328667021873
SG_008382,0.14282210929175548
SG_008383,0.2459108390751912
SG_008388,0.14946625972335797
SG_008389,0.21010513447402202
SG_008392,0.11729308899584623
SG_008396,0.16550900992107875
SG_008402,0.13936441897349275
SG_008410,0.12233074412524782
SG_008413,0.24072899945611803
SG_008417,0.2604027107476508
SG_008420,0.27251059788558935
SG_008422,0.12556269444250984
SG_008435,0.17882981293926575
SG_008440,0.09420410520535602
SG_008441,0.1536580994097535
SG_008442,0.11319574330162395
SG_008443,0.17657701301996032
SG_008444,0.20333456886141854
SG_008449,0.13959086817178507
SG_008452,0.1841294309145905
SG_008457,0.19069253578475126
SG_008459,0.1300035029157072
SG_008462,0.14142049621158925
SG_008467,0.14324881510694987
SG_008468,0.2040664506719744
SG_008478,0.08819434066631782
SG_008482,0.19795838135471264
SG_008484,0.3061811698064219
SG_008485,0.17420651728271613
SG_008494,0.17323986468058777
SG_008497,0.1210290032632738
SG_008498,0.1391676798373683
SG_008500,0.1646779117627053
SG_008501,0.205688524369704
SG_008504,0.1721925414686066
SG_008506,0.16461703709345427
SG_008512,0.10955354557229238
SG_008514,0.2606612942905787
SG_008517,0.20377245017596946
SG_008522,0.17053587780214957
SG_008527,0.2668841410001516
SG_008529,0.19973493510108317
SG_008531,0.12297123733630157
SG_008534,0.2638054925405661
SG_008535,0.19259910060333701
SG_008536,0.14776251822165076
SG_008538,0.13100216040173548
SG_008541,0.15980315014848104
SG_008542,0.15859209197013074
SG_008545,0.2647038542199732
SG_008547,0.15521595634816032
SG_008549,0.17609689598049474
SG_008550,0.11937576837176155
SG_008551,0.0833408791335698
SG_008553,0.11037299759396617
SG_008555,0.1459476795904338
SG_008557,0.16020818672178821
SG_008561,0.07351819385645128
SG_008564,0.08700967870640688
SG_008565,0.24413610576266487
SG_008568,0.1465775266320989
SG_008569,0.1329976879496301
SG_008570,0.23108803873179135
SG_008572,0.08934266753538922
SG_008574,0.1447150996474172
SG_008575,0.32348779115443715
SG_008576,0.0963368009312179
SG_008577,0.24883885969675068
SG_008580,0.16307027612663696
SG_008586,0.15758041585155194
SG_008594,0.21514410992811553
SG_008598,0.12629617798592907
SG_008600,0.2916760111486981
SG_008614,0.1747815970083226
SG_008615,0.20204114282321703
SG_008617,0.09395214343149552
SG_008624,0.17268202444119907
SG_008630,0.2538979172911513
SG_008635,0.1183855245451409
SG_008636,0.07719445406730781
SG_008639,0.1849821255063881
SG_008645,0.13833963328498006
SG_008646,0.1948330673718301
SG_008650,0.18211615536046244
SG_008653,0.29280097204049227
SG_008669,0.19464677813140033
SG_008671,0.1016025242529146
SG_008689,0.25050419710399036
SG_008691,0.1739225722602167
SG_008693,0.12347136900229827
SG_008708,0.1310057070994583
SG_008714,0.19923286528690876
SG_008726,0.13748139593382674
SG_008727,0.21671202266212453
SG_008729,0.15194801699513139
SG_008734,0.16527018406847327
SG_008735,0.2799567871595118
SG_008737,0.26512822070771175
SG_008739,0.09794169500602451
SG_008745,0.15186611731417105
SG_008749,0.06235887085942064
SG_008755,0.13198481069960818
SG_008759,0.20587351061182219
SG_008766,0.10922123057303432
SG_008769,0.09683243006615333
SG_008770,0.13940223550921363
SG_008771,0.06735371321720449
SG_008773,0.275547313926383
SG_008774,0.1872734282815247
SG_008776,0.16426952060032024
SG_008777,0.15349218133537193
SG_008780,0.22965706935933683
SG_008782,0.2284653613788263
SG_008784,0.20631876537712604
SG_008785,0.15848658589034997
SG_008787,0.07305047107355307
SG_008789,0.14960299323891607
SG_008793,0.13376848362035954
SG_008798,0.20565706596614744
SG_008810,0.156847750592152
SG_008816,0.18528270047718898
SG_008823,0.19413021858029145
SG_008824,0.22278765249911225
SG_008825,0.2161818067438661
SG_008828,0.1615390417336375
SG_008836,0.1684786786589121
SG_008839,0.10091965902347144
SG_008840,0.1526057189198356
SG_008841,0.14776344944046946
SG_008843,0.2982527170149111
SG_008844,0.2313949964775598
SG_008845,0.17287186859048081
SG_008849,0.13510161676881635
SG_008850,0.18708659802109773
SG_008853,0.19309127662654915
SG_008855,0.17978873532411133
SG_008859,0.2196941138388474
SG_008862,0.10688901613915744
SG_008864,0.09296109080939494
SG_008865,0.15405037175650615
SG_008866,0.13831587208102666
SG_008867,0.20971248618255056
SG_008869,0.2699141763512126
SG_008876,0.16526232914664016
SG_008881,0.1782675504367933
SG_008883,0.1895242851023696
SG_008888,0.07231271040027347
SG_008889,0.23515407123227372
SG_008895,0.19422185773745876
SG_008897,0.05596199134389483
SG_008901,0.16117790537041393
SG_008905,0.12390042792250708
SG_008907,0.11435290628977995
SG_008908,0.04540810704556519
SG_008910,0.13011873396563056
SG_008913,0.21040054220262655
SG_008914,0.1961212942019826
SG_008917,0.14583914361185157
SG_008919,0.11827155222866303
SG_008920,0.16176570436156898
SG_008925,0.1462426818892171
SG_008926,0.16928921564884397
SG_008927,0.12037999732328697
SG_008930,0.22389004682818583
SG_008932,0.10915928808398392
SG_008934,0.20054214806448287
SG_008937,0.1577426223750908
SG_008940,0.08441481647901447
SG_008943,0.1545898298599111
SG_008947,0.16816460729306773
SG_008955,0.11147675136464381
SG_008960,0.218128263248389
SG_008962,0.10038398197537696
SG_008964,0.2145122416901589
SG_008965,0.0759164123704994
SG_008966,0.10420039159588804
SG_008971,0.11653411395347765
SG_008972,0.13580674758090117
SG_008976,0.1248991297651999
SG_008978,0.22132730183246327
SG_008983,0.138321639647748
SG_008989,0.36651492388683493
SG_008990,0.09724583195908121
SG_008994,0.18056962026268475
SG_008996,0.1796023792004312
SG_008998,0.1590258559582507
SG_008999,0.14763833062301013
SG_009001,0.22281150307169556
SG_009005,0.1796750336038314
SG_009006,0.07532421550450975
SG_009011,0.26948662578439325
SG_009017,0.1745518819019311
SG_009018,0.2398452344022862
SG_009032,0.1156589412927297
SG_009034,0.1077423634646441
SG_009043,0.3294203280371767
SG_009047,0.1871536657730505
SG_009048,0.11707360530656126
SG_009053,0.1090592058635605
SG_009055,0.09622311691282802
SG_009058,0.1462282344956672
SG_009063,0.18117816649651636
SG_009064,0.2941992117823043
SG_009065,0.19043513987985888
SG_009069,0.14838454706927684
SG_009070,0.2570337827625738
SG_009072,0.12556420660671946
SG_009075,0.1116981445404303
SG_009079,0.13396376339762842
SG_009080,0.1793105766324187
SG_009081,0.15314811675170584
SG_009083,0.09393378571447755
SG_009085,0.19085722332543842
SG_009091,0.16188499219361674
SG_009093,0.2450540057392219
SG_009100,0.11816382220220359
SG_009109,0.2062465065233473
SG_009115,0.16445173954998737
SG_009119,0.14887670384131674
SG_009120,0.17299127754559918
SG_009123,0.18200698139126753
SG_009124,0.150860868301203
SG_009127,0.11257756010674716
SG_009128,0.14335555795474136
SG_009135,0.25227303451371347
SG_009136,0.23369969788803735
SG_009139,0.1148789334439772
SG_009146,0.17630341251675155
SG_009147,0.24108618584230174
SG_009149,0.12835727549932605
SG_009150,0.21165266494632398
SG_009152,0.16389144159586674
SG_009153,0.1372868902204907
SG_009159,0.13438917802821856
SG_009168,0.20200575403904397
SG_009169,0.20312333718220396
SG_009170,0.24728462452987124
SG_009172,0.14519510065766933
SG_009176,0.11178430451828608
SG_009179,0.1827897803246063
SG_009183,0.2137117337314827
SG_009193,0.2949357012234435
SG_009196,0.1820595892761868
SG_009199,0.14247695174807914
SG_009202,0.15761461609714128
SG_009203,0.09095462200592089
SG_009204,0.14105601662976025
SG_009206,0.22457008405571147
SG_009207,0.2080644368716143
SG_009209,0.12100520928972078
SG_009210,0.23678362038999862
SG_009214,0.1252378734695435
SG_009220,0.16267795358786008
SG_009223,0.11319130222968507
SG_009224,0.18229166669485486
SG_009225,0.19668973689754246
SG_009226,0.21522747820626953
SG_009229,0.13318782712507696
SG_009230,0.12607478698426347
SG_009236,0.2267908251781404
SG_009242,0.1666047906536261
SG_009246,0.15575928235846268
SG_009250,0.11233320779271178
SG_009253,0.28874508585939207
SG_009266,0.19425695661896722
SG_009268,0.35844803863633234
SG_009272,0.18904029046543055
SG_009273,0.06377908142097635
SG_009274,0.18495855920136783
SG_009277,0.14024185909016332
SG_009278,0.1494814609210497
SG_009279,0.13362358030684757
SG_009280,0.14126344193981857
SG_009281,0.13170441160668808
SG_009289,0.2471514236635866
SG_009290,0.1534814148338552
SG_009299,0.18843436819700465
SG_009300,0.17221313443521394
SG_009305,0.13619862256207257
SG_009307,0.1836822773208881
SG_009319,0.11542055551478259
SG_009328,0.08647542532429899
SG_009333,0.16937030916982962
SG_009335,0.1428199528268569
SG_009341,0.1101331404620603
SG_009347,0.11178616719632169
SG_009354,0.2445422057228387
SG_009355,0.14285201475660672
SG_009357,0.20460882912583028
SG_009362,0.1817599957117796
SG_009363,0.24210269312690808
SG_009365,0.10087060742340831
SG_009366,0.31360252990074355
SG_009367,0.1761950479843049
SG_009370,0.07910138418665683
SG_009386,0.11439924582129085
SG_009392,0.10923652325016141
SG_009398,0.18226634713986417
SG_009400,0.12951054693958783
SG_009402,0.14383953493322518
SG_009403,0.11941582437108245
SG_009404,0.08030610608696662
SG_009406,0.1600802261952718
SG_009407,0.16672595136719226
SG_009408,0.09059396970987842
SG_009409,0.14829163355091396
SG_009410,0.15855115144077575
SG_009411,0.1468433652067714
SG_009412,0.12583444119477177
SG_009413,0.1875957080350582
SG_009415,0.19332379425970803
SG_009417,0.08109818926907497
SG_009419,0.16094625690453118
SG_009425,0.2267558894958973
SG_009426,0.15297803524309123
SG_009427,0.10961314600968479
SG_009429,0.18427503611277238
SG_009434,0.17118973197642945
SG_009438,0.12945132723677016
SG_009441,0.2152869314653455
SG_009442,0.11962678560800777
SG_009444,0.19713280484494677
SG_009445,0.20685038697654845
SG_009446,0.13154415596712773
SG_009447,0.16898287216257593
SG_009449,0.10546507896553975
SG_009455,0.18344082392269073
SG_009458,0.136249482604019
SG_009461,0.269703201731502
SG_009462,0.2825000212617574
SG_009466,0.12864227727189118
SG_009473,0.1281509656723733
SG_009478,0.2619831668876397
SG_009479,0.20291543673024015
SG_009481,0.1811242577627643
SG_009485,0.1794683742099743
SG_009490,0.21750779522144403
SG_009496,0.13535236524101027
SG_009500,0.19853833356581133
SG_009502,0.2650150439653834
SG_009504,0.18343064574587667
SG_009505,0.17568194946748655
SG_009516,0.14762254141093792
SG_009518,0.23012170752723254
SG_009519,0.2534903268788781
SG_009528,0.19854173029085798
SG_009529,0.1802813417975596
SG_009530,0.08808985172289364
SG_009533,0.16993067987814525
SG_009537,0.12381990129349185
SG_009539,0.09277519337348768
SG_009540,0.11188405488465519
SG_009541,0.17746313500635486
SG_009544,0.11561555864195625
SG_009556,0.07875037377252794
SG_009558,0.15946650388375777
SG_009566,0.12348024253226413
SG_009567,0.08541717709392607
SG_009569,0.08944657378669617
SG_009573,0.16014742809558322
SG_009577,0.18072500167071345
SG_009581,0.11864113194509657
SG_009582,0.13971882104027877
SG_009584,0.1100551685243354
SG_009585,0.23964385753561893
SG_009589,0.16602214072227273
SG_009592,0.1790786067044639
SG_009593,0.15908581431789717
SG_009602,0.1609617620026586
SG_009614,0.15755691801521204
SG_009616,0.23864894504612133
SG_009618,0.244903503095394
SG_009619,0.09518493264501159
SG_009620,0.12361394481897292
SG_009622,0.15656773543211894
SG_009630,0.11302368829507567
SG_009632,0.12400583175929579
SG_009639,0.12061233290702655
SG_009649,0.1634492526414988
SG_009651,0.21931177113848138
SG_009661,0.13272407218136972
SG_009670,0.1032431291903635
SG_009671,0.24025885047636336
SG_009679,0.33066945828263583
SG_009681,0.2000473318471892
SG_009683,0.16210930046027536
SG_009687,0.11387115674892204
SG_009690,0.1371983260384315
SG_009691,0.22074447874195116
SG_009694,0.1184136092842574
SG_009696,0.3031404307970629
SG_009701,0.1791774778017177
SG_009702,0.21247172549845528
SG_009707,0.1216009898532189
SG_009716,0.15414344933724639
SG_009718,0.13935340967748786
SG_009727,0.16550509068944566
SG_009736,0.22413279681993037
SG_009741,0.11591497889872106
SG_009744,0.12808630367689697
SG_009746,0.1363697847013702
SG_009747,0.21620373844125657
SG_009751,0.15376427288860045
SG_009754,0.16778633592291015
SG_009757,0.16532744918655598
SG_009759,0.08998035200968899
SG_009760,0.11113200631745225
SG_009762,0.10781615773518745
SG_009763,0.08860005499746393
SG_009766,0.18314844511215161
SG_009776,0.1542632548727605
SG_009778,0.27280157026795715
SG_009780,0.19395507818815197
SG_009782,0.1878388779635117
SG_009783,0.1293816933281649
SG_009785,0.18759678241682237
SG_009786,0.12216721898400798
SG_009791,0.13598929758419376
SG_009794,0.14659128148387654
SG_009795,0.1274948111179591
SG_009799,0.1827058420478317
SG_009800,0.2610638925678405
SG_009814,0.2727279983716694
SG_009819,0.10727899777715127
SG_009824,0.11160424197295718
SG_009825,0.2270068953728537
SG_009829,0.13637118678902987
SG_009834,0.21736299072704568
SG_009837,0.2830401327152435
SG_009838,0.1643786181258789
SG_009843,0.11637266981432329
SG_009845,0.16508886634218686
SG_009851,0.16470695530152765
SG_009855,0.20703336905437209
SG_009856,0.19841559728416241
SG_009862,0.1268387798835273
SG_009865,0.10784975700897775
SG_009867,0.13615775398320673
SG_009868,0.1317525657064435
SG_009869,0.0766882654904144
SG_009870,0.14015655367456592
SG_009875,0.15845911535994223
SG_009876,0.19572489388181452
SG_009877,0.15891653511101453
SG_009878,0.20506711918370013
SG_009880,0.20924156688559808
SG_009881,0.14862478051049605
SG_009895,0.15381955419053278
SG_009905,0.15688519408436186
SG_009909,0.20310627005180942
SG_009914,0.12625697013342388
SG_009916,0.23811846213867885
SG_009921,0.14935683085447646
SG_009923,0.2387481534853586
SG_009926,0.2410859202679614
SG_009929,0.14098565181224879
SG_009932,0.09851524021014556
SG_009933,0.1326519933598896
SG_009935,0.08410999278561007
SG_009936,0.2025341895183056
SG_009937,0.11533309157467261
SG_009941,0.1351891443996497
SG_009942,0.1994039606737391
SG_009953,0.17600348066224072
SG_009956,0.10440234267447818
SG_009959,0.09435172964599757
SG_009964,0.14590799093385956
SG_009972,0.17154264422756496
SG_009977,0.2346259210798424
SG_009979,0.27367931508770976
SG_009982,0.1510495235500825
SG_009985,0.18038844993013153
SG_009987,0.13930890236147014
SG_009989,0.15061550263473686
SG_009993,0.11788175904222054
SG_009997,0.2297848444151498
SG_009999,0.05461765160551256
SG_010002,0.093531014502895
SG_010007,0.20620497680067362
SG_010008,0.14624662554823087
SG_010009,0.14961242292080804
SG_010010,0.16832232912080153
SG_010011,0.1643600979591567
SG_010012,0.0655970426411292
SG_010014,0.054931711376493206
SG_010015,0.22750377874061217
SG_010019,0.1997559608883603
SG_010020,0.14369463691288967
SG_010021,0.17053329004524692
SG_010024,0.16917074456250847
SG_010025,0.17149562699968773
SG_010034,0.13553065990286758
SG_010037,0.08453279494831584
SG_010038,0.11834374325215305
SG_010042,0.21309552154259195
SG_010045,0.15536379728880986
SG_010047,0.19680041699275402
SG_010048,0.13390559690088444
SG_010050,0.2056706845971085
SG_010052,0.18857772961053032
SG_010058,0.1012317168309121
SG_010061,0.1977218126480645
SG_010068,0.12969941360008921
SG_010069,0.21245514379793162
SG_010074,0.12823198242159237
SG_010078,0.21758201256004353
SG_010081,0.09708034783750534
SG_010084,0.1656752044684353
SG_010085,0.10455924212017334
SG_010086,0.2062616003795894
SG_010088,0.2380942120452054
SG_010091,0.15130605049012585
SG_010092,0.13408952960726417
SG_010099,0.17761731088324517
SG_010101,0.13000757038028768
SG_010103,0.09594340189414464
SG_010104,0.15707207407045692
SG_010106,0.25788638958772386
SG_010109,0.17168666958305362
SG_010115,0.15681679030287338
SG_010116,0.19498136005268896
SG_010117,0.2598495234429249
SG_010123,0.20939631143503107
SG_010130,0.13497288342612845
SG_010132,0.1151609901885489
SG_010134,0.23183553174789895
SG_010142,0.338198487192898
SG_010144,0.09846958116686551
SG_010146,0.16760453763802358
SG_010151,0.1838670884053891
SG_010153,0.20869674084796394
SG_010155,0.13576681658895107
SG_010157,0.21513213749399968
SG_010165,0.12600003103011798
SG_010166,0.26058498397680063
SG_010169,0.07260378366807065
SG_010170,0.16902143184234286
SG_010172,0.04982038544323297
SG_010173,0.10915530005900842
SG_010174,0.14071542596457756
SG_010175,0.14072909135016834
SG_010176,0.1300432611921909
SG_010182,0.09886680771904069
SG_010183,0.1783461711267355
SG_010184,0.44101943848426184
SG_010187,0.15170549897819777
SG_010195,0.07805931510114196
SG_010198,0.08393952171106811
SG_010199,0.1073439745418532
SG_010200,0.11866307541047025
SG_010204,0.12382889372336803
SG_010206,0.3753996955500362
SG_010208,0.16590175092510084
SG_010209,0.06250714569386663
SG_010210,0.12080189278447649
SG_010213,0.15162425719570402
SG_010217,0.1661553724185273
SG_010226,0.20652995840404112
SG_010227,0.2535296037857134
SG_010234,0.19629713662054077
SG_010235,0.1640742250656051
SG_010238,0.20883152825161191
SG_010241,0.18875641072660104
SG_010242,0.11658261869035241
SG_010243,0.09065818385229996
SG_010246,0.20806880593702365
SG_010252,0.17506214115789348
SG_010253,0.26089204540465144
SG_010256,0.2214981906073331
SG_010257,0.1887452314408768
SG_010258,0.08637902797027358
SG_010259,0.28525898977266273
SG_010261,0.27220895061138123
SG_010263,0.07799357400249673
SG_010265,0.07721918745773625
SG_010267,0.14352344917209123
SG_010271,0.07182064355900628
SG_010273,0.1608768196755205
SG_010274,0.1740808540765895
SG_010277,0.23685265147781293
SG_010284,0.1394730338392774
SG_010286,0.16480682268969443
SG_010287,0.21478099821909186
SG_010288,0.13260115150430035
SG_010293,0.20461380788833847
SG_010294,0.17261566672688333
SG_010298,0.14177062714446106
SG_010306,0.1604540828515402
SG_010313,0.14849386770246029
SG_010315,0.19764104284324235
SG_010316,0.1439729415368999
SG_010319,0.11058068961467617
SG_010320,0.14579254606196715
SG_010322,0.20315790093113612
SG_010323,0.1527743576588121
SG_010326,0.14768507560058444
SG_010328,0.23385443519091464
SG_010329,0.2597357888498201
SG_010330,0.1643102551064004
SG_010332,0.11019769471218191
SG_010336,0.21252807990296457
SG_010344,0.20099750007884715
SG_010347,0.3532391046046752
SG_010350,0.1756410275640368
SG_010352,0.31015993044572465
SG_010354,0.19716538686107318
SG_010358,0.15939975683890956
SG_010371,0.07406496133084772
SG_010373,0.2097621103507191
SG_010379,0.11020160164700263
SG_010386,0.1777630065600138
SG_010393,0.1774683304192798
SG_010394,0.19830535515586767
SG_010399,0.2750318697687151
SG_010401,0.2586446480841518
SG_010404,0.09239380980512198
SG_010406,0.11331626905185109
SG_010407,0.15218122515569893
SG_010409,0.31027797609903296
SG_010412,0.2232308104187743
SG_010418,0.05783367396355035
SG_010420,0.09974811390796576
SG_010424,0.2048369229366504
SG_010425,0.21122243289396753
SG_010428,0.1679468559338862
SG_010430,0.18133119831346428
SG_010431,0.23152271899690585
SG_010435,0.10356236487384181
SG_010442,0.24827963589272356
SG_010455,0.05248620021023895
SG_010459,0.18236588114152105
SG_010460,0.19163633755584872
SG_010461,0.19645271162568181
SG_010462,0.11482649147482539
SG_010465,0.10169878231643285
SG_010467,0.15761248793553978
SG_010469,0.1410663374829586
SG_010470,0.12625651774049362
SG_010472,0.11981840492996612
SG_010475,0.22093607718747205
SG_010477,0.18122862504305584
SG_010481,0.24818994777478792
SG_010482,0.09677353742807879
SG_010483,0.14940601973208192
SG_010485,0.18201427841873885
SG_010486,0.1253401955783423
SG_010487,0.18886225104948612
SG_010490,0.252994560736226
SG_010492,0.17022556672564718
SG_010493,0.06187717428648383
SG_010495,0.14851638512525875
SG_010498,0.13132029197952383
SG_010499,0.16951849879690772
SG_010501,0.1148811105281141
SG_010503,0.15273303660945625
SG_010505,0.1038870800758135
SG_010506,0.16017451127782079
SG_010507,0.11585262169321205
SG_010509,0.09524033252787188
SG_010510,0.17577469580858018
SG_010515,0.13961490691493675
SG_010517,0.2584210523614799
SG_010518,0.10577354984189662
SG_010531,0.1991182395821196
SG_010546,0.16891628700014996
SG_010547,0.10712502029493326
SG_010550,0.2153171885054187
SG_010552,0.2033006362478967
SG_010553,0.12392857754505318
SG_010555,0.11537530367958315
SG_010561,0.16279641171278014
SG_010562,0.13669985608791735
SG_010563,0.16793267676113946
SG_010569,0.14675697320631995
SG_010571,0.1109481002543487
SG_010577,0.15295990696419548
SG_010578,0.2005093674409131
SG_010579,0.15310131092545065
SG_010582,0.1168390794566245
SG_010585,0.11411968589910435
SG_010586,0.20352574651396194
SG_010588,0.15652150459700262
SG_010589,0.09293310073901384
SG_010590,0.176467747529257
SG_010592,0.24027415538464447
SG_010594,0.05192387820825953
SG_010598,0.3372824013325575
SG_010600,0.16107907267096355
SG_010607,0.07792758369064148
SG_010611,0.20625278216729753
SG_010615,0.23596548136793463
SG_010616,0.19960158242457635
SG_010619,0.21021348605748857
SG_010627,0.29166094261281617
SG_010634,0.12230267397901262
SG_010635,0.12904557530345467
SG_010636,0.07434188154138152
SG_010649,0.30609240766251544
SG_010651,0.1376988383908398
SG_010653,0.11733865703536064
SG_010655,0.11507817160478542
SG_010659,0.15447892177957617
SG_010662,0.22888565635649202
SG_010664,0.22899394707588605
SG_010666,0.09973044591375582
SG_010668,0.11293997744541374
SG_010670,0.09446295669408808
SG_010673,0.26978176318966607
SG_010674,0.15327342749117875
SG_010679,0.12452513817181467
SG_010684,0.22328218531261013
SG_010685,0.13407842641738174
SG_010690,0.13387460789286573
SG_010696,0.2656684846288518
SG_010700,0.1567226218768314
SG_010707,0.21044231419669615
SG_010708,0.11772792809950018
SG_010713,0.06681674443643221
SG_010717,0.13289697504721082
SG_010718,0.19836256903772914
SG_010721,0.18006196374593472
SG_010722,0.11458527473675559
SG_010726,0.17210660378611514
SG_010729,0.21699598962419522
SG_010733,0.13276357116305307
SG_010734,0.13926270475199468
SG_010737,0.10202194197530473
SG_010739,0.10829142230499997
SG_010745,0.24112939990671095
SG_010752,0.1792542253290398
SG_010753,0.26791297931553104
SG_010757,0.17455513963876215
SG_010760,0.23422412952959648
SG_010763,0.19042956326598456
SG_010769,0.18508725320952357
SG_010772,0.18626789203986993
SG_010773,0.18842137036331352
SG_010774,0.2004735010711623
SG_010781,0.12057840960748052
SG_010784,0.08428451487360984
SG_010789,0.09572133348433318
SG_010791,0.11520521010257374
SG_010795,0.19183504220280703
SG_010796,0.17465565242041398
SG_010798,0.17704830357099471
SG_010801,0.2243066501242676
SG_010803,0.30107051311114474
SG_010808,0.08326794250715328
SG_010809,0.13931903998577644
SG_010810,0.2793222487468921
SG_010814,0.1474346711609012
SG_010816,0.08418465327909508
SG_010818,0.08380906824340563
SG_010824,0.19187998028126296
SG_010828,0.22641572138377591
SG_010830,0.21753772446497183
SG_010831,0.20472411128863746
SG_010837,0.27350447795099325
SG_010843,0.20564949744196867
SG_010844,0.1774510898344917
SG_010845,0.1380094952329901
SG_010846,0.2043898067836905
SG_010847,0.19242433969785255
SG_010853,0.18270685044685991
SG_010857,0.08350330823450858
SG_010860,0.21097769106133824
SG_010863,0.20426542888988533
SG_010865,0.14179473186518818
SG_010870,0.2667911873357883
SG_010871,0.17305893445827378
SG_010872,0.1268955783211275
SG_010876,0.316773548597875
SG_010881,0.13136736460469928
SG_010882,0.13000013841051059
SG_010884,0.22180718445287317
SG_010887,0.18467649416315862
SG_010888,0.18460374562314452
SG_010889,0.18754107339055157
SG_010894,0.13559680381552938
SG_010896,0.2511412676064741
SG_010898,0.11381815249408528
SG_010902,0.18119376418828428
SG_010904,0.1474500435047062
SG_010907,0.16181267796520676
SG_010911,0.11415830080940764
SG_010922,0.18919647899273312
SG_010930,0.1074206364468502
SG_010946,0.23031534635798676
SG_010951,0.1099275231219764
SG_010956,0.19783694823623835
SG_010960,0.38904345847817384
SG_010961,0.42783459486965447
SG_010962,0.16417176880364223
SG_010969,0.1774766290175964
SG_010971,0.08107397705686248
SG_010973,0.1778641360540711
SG_010974,0.12733622930842955
SG_010977,0.10191903434517091
SG_010982,0.16233941905508775
SG_010985,0.1501236282031912
SG_010986,0.16641975513295348
SG_010987,0.18795317919858925
SG_010993,0.11191246877186344
SG_010995,0.048303468402195196
SG_010998,0.19687519590891875
SG_011003,0.1446729105052836
SG_011010,0.1489598156039575
SG_011012,0.184061267096681
SG_011016,0.1876297686610603
SG_011017,0.1198140817324647
SG_011025,0.15963133364689913
SG_011031,0.16470426800630814
SG_011050,0.10171184834067887
SG_011052,0.125169249790899
SG_011053,0.12340475228454073
SG_011055,0.22556110633744514
SG_011057,0.15315182866802177
SG_011060,0.17057817764627847
SG_011073,0.1750517462082869
SG_011075,0.19204899029444839
SG_011077,0.1345199261585863
SG_011088,0.14159223031184792
SG_011089,0.36117635691112804
SG_011097,0.07122839520001208
SG_011107,0.10369423976966186
SG_011110,0.16000658304219323
SG_011117,0.18026681673402506
SG_011120,0.16051374801020973
SG_011132,0.08142593818681705
SG_011133,0.1337572626615276
SG_011139,0.2601329723821316
SG_011143,0.2550384310178359
SG_011144,0.23180953421233758
SG_011147,0.22283068279168575
SG_011148,0.1453255227478566
SG_011151,0.10014755945346249
SG_011152,0.2694889198680181
SG_011154,0.0946464689958935
SG_011158,0.16132221814699904
SG_011159,0.34828675221796385
SG_011160,0.15774283599112626
SG_011161,0.19118262380284254
SG_011162,0.10289530959995735
SG_011164,0.11846638702810702
SG_011169,0.07091713672011432
SG_011170,0.10028007398372693
SG_011175,0.22387946074082238
SG_011176,0.11659909434139501
SG_011177,0.09738088286164251
SG_011182,0.140203184504302
SG_011184,0.3100292071431656
SG_011186,0.1102497515494861
SG_011190,0.08575476216617467
SG_011192,0.20091941661822377
SG_011199,0.07940516935162843
SG_011200,0.11168443261691799
SG_011201,0.11442915032526876
SG_011203,0.1515731775941743
SG_011208,0.19034346012741438
SG_011212,0.08849718512164689
SG_011214,0.09239293249986584
SG_011221,0.15108627208982603
SG_011222,0.21136798043484517
SG_011224,0.14912218272075278
SG_011226,0.14663938689289005
SG_011235,0.1919520660833791
SG_011239,0.24281068120292273
SG_011250,0.10116672706778343
SG_011257,0.1807668713352666
SG_011259,0.20061898995999272
SG_011261,0.13433497971587804
SG_011262,0.2672997320129089
SG_011266,0.15218566515195808
SG_011274,0.11129177158142001
SG_011275,0.18025819145178154
SG_011279,0.11420375402403615
SG_011280,0.11297469140773471
SG_011285,0.06504824646077502
SG_011291,0.15416920171281104
SG_011294,0.12679637651376877
SG_011298,0.16415208921090674
SG_011303,0.1494986693694644
SG_011304,0.15370458960838146
SG_011306,0.11341496020267598
SG_011307,0.14923632680424287
SG_011308,0.2350297868554601
SG_011309,0.2040621418861981
SG_011310,0.1941857806637659
SG_011312,0.24718867057620614
SG_011313,0.3257094082121225
SG_011327,0.09130052426988478
SG_011333,0.16988844549824797
SG_011335,0.20733159422703593
SG_011337,0.16284189446712133
SG_011340,0.06508188055564589
SG_011343,0.13453737734107446
SG_011345,0.09975049615145712
SG_011347,0.18996790268165914
SG_011350,0.17594379210973007
SG_011357,0.20500688268697745
SG_011360,0.10075241967776488
SG_011361,0.25763055059714074
SG_011367,0.09747665931261479
SG_011371,0.10617738368500462
SG_011376,0.18791640044541869
SG_011377,0.23856160563184486
SG_011380,0.12852691538767277
SG_011381,0.08858813123433275
SG_011383,0.13054337658372428
SG_011398,0.11936832890285519
SG_011401,0.15629216349339664
SG_011413,0.1316751505673923
SG_011416,0.12559951027636088
SG_011420,0.15584748103874518
SG_011429,0.14289975366084606
SG_011432,0.10724852329804849
SG_011437,0.13584201615598798
SG_011443,0.18478455219249001
SG_011447,0.14450504554305577
SG_011450,0.14476369269768422
SG_011457,0.1974939289124678
SG_011458,0.15779526276876696
SG_011460,0.18613661252565042
SG_011464,0.17939618913851418
SG_011468,0.22849140933133133
SG_011469,0.21217210996702865
SG_011473,0.22442316506775237
SG_011475,0.30581656172461924
SG_011479,0.12228767158560755
SG_011482,0.23229214995029432
SG_011483,0.28771672725865577
SG_011492,0.1386659111904125
SG_011493,0.2008294452878467
SG_011497,0.0946416345989202
SG_011503,0.14802849731853318
SG_011504,0.1423484414168389
SG_011505,0.09970483905340594
SG_011512,0.20457121394281724
SG_011519,0.12920778910612143
SG_011526,0.1579164770393806
SG_011527,0.14740176504787378
SG_011528,0.11672393223990553
SG_011532,0.1985134290929634
SG_011541,0.13831332026892956
SG_011544,0.11673710903896556
SG_011547,0.22665979792853924
SG_011548,0.1481615832904177
SG_011552,0.16447564661533956
SG_011566,0.11287041038252378
SG_011567,0.19198242063686366
SG_011569,0.14052432606451623
SG_011575,0.14664747698554553
SG_011576,0.13948755252197848
SG_011577,0.13440981924804996
SG_011581,0.15102704709470477
SG_011584,0.19157926970675698
SG_011586,0.19108166800987308
SG_011593,0.1962405389146945
SG_011597,0.16125944880945872
SG_011598,0.2330100447707812
SG_011602,0.17247021940953847
SG_011605,0.14969806264174002
SG_011607,0.14195333114207187
SG_011612,0.3006392361972584
SG_011616,0.1943532848656338
SG_011617,0.11168487464566568
SG_011620,0.23637730595590414
SG_011622,0.16201014483063322
SG_011625,0.1966510184662091
SG_011626,0.24634095997937686
SG_011627,0.1387040606892768
SG_011632,0.19038115865198266
SG_011633,0.15112410727332382
SG_011635,0.20118365940351068
SG_011638,0.12214619735725075
SG_011640,0.21381120542577328
SG_011645,0.11057967912623483
SG_011649,0.1343715328954703
SG_011656,0.25034924005574544
SG_011662,0.13305801540348333
SG_011663,0.14806487086072498
SG_011666,0.08671637418016387
SG_011672,0.07905325419428312
SG_011673,0.17147731972165264
SG_011676,0.14431814005064164
SG_011678,0.19250045986954717
SG_011682,0.1515884712642101
SG_011683,0.11580583507491744
SG_011684,0.13406121927604686
SG_011691,0.20961063904072033
SG_011694,0.06909633459661486
SG_011695,0.16356568380782494
SG_011697,0.1862196159596719
SG_011699,0.13220140155934426
SG_011701,0.19377204863569952
SG_011704,0.271311025834477
SG_011705,0.15434516231618647
SG_011708,0.1313952080295985
SG_011714,0.22682534693274464
SG_011715,0.339610233822603
SG_011720,0.09937315448828549
SG_011721,0.08717632132814371
SG_011727,0.13549635661374873
SG_011728,0.22729988399322143
SG_011729,0.14379425095503445
SG_011731,0.13609398331716666
SG_011736,0.15817180809132142
SG_011737,0.1405967441200326
SG_011747,0.13081293375212366
SG_011749,0.15611783370385662
SG_011750,0.15842288712564273
SG_011752,0.11537837533395472
SG_011757,0.22602253035977934
SG_011764,0.17536806774353975
SG_011767,0.05621437391308715
SG_011769,0.2501103100934225
SG_011770,0.1667159446399254
SG_011772,0.1606200113856455
SG_011773,0.1005358027342182
SG_011777,0.08617344233871671
SG_011779,0.08377554544115108
SG_011780,0.14358418351002555
SG_011786,0.1627649294863368
SG_011787,0.15148367726684886
SG_011789,0.10603783370352157
SG_011796,0.0704058851236442
SG_011799,0.12540080246447133
SG_011801,0.16646153814572276
SG_011802,0.271658488501307
SG_011806,0.08111353128155602
SG_011812,0.21460328224450523
SG_011814,0.1898420760903093
SG_011815,0.09586835193135304
SG_011816,0.25443173207119074
SG_011830,0.15256429871234997
SG_011833,0.16509211520750772
SG_011843,0.17264486636189208
SG_011853,0.17788167647275388
SG_011855,0.18351406184305816
SG_011858,0.1645876214048044
SG_011861,0.0851078098602274
SG_011863,0.1996375910305245
SG_011864,0.2002218583097328
SG_011868,0.14685865736988157
SG_011869,0.20598629900367704
SG_011871,0.2018457371699862
SG_011886,0.18038235492031587
SG_011889,0.13868407531957627
SG_011890,0.19626180999306975
SG_011894,0.09654374101949836
SG_011896,0.06379090600699461
SG_011898,0.17584475245431347
SG_011900,0.12267136611905016
SG_011918,0.2151919407494151
SG_011922,0.22415298744942355
SG_011925,0.1748106450858232
SG_011926,0.09504964472937519
SG_011927,0.19579595501865285
SG_011931,0.14093938259525993
SG_011933,0.08846899487960919
SG_011936,0.06047016659606608
SG_011939,0.17839205873816158
SG_011940,0.10958312991951763
SG_011953,0.1463012697571289
SG_011955,0.21105561483778001
SG_011956,0.14742890226200403
SG_011959,0.10041746083848639
SG_011961,0.2041642393273162
SG_011962,0.2918726301776524
SG_011966,0.21234597557875962
SG_011969,0.0860579053901605
SG_011971,0.07292389343443463
SG_011977,0.13131636859119422
SG_011978,0.11045681316627753
SG_011983,0.11924264281524591
SG_011986,0.1751045720514947
SG_011988,0.1237479991884913
SG_011993,0.29103083771251487
SG_011995,0.15690108970743333
SG_011996,0.10319691511559764
SG_011997,0.1355220866962826
SG_012000,0.17197367366603178
SG_012013,0.15348559849618887
SG_012018,0.12581880203176493
SG_012019,0.1301998491312155
SG_012020,0.1990854704262268
SG_012022,0.10551085794632926
SG_012031,0.20433096108141446
SG_012040,0.21315632578485583
SG_012041,0.1053506711915487
SG_012048,0.10363869702964174
SG_012050,0.11231099614963584
SG_012051,0.08051729368372737
SG_012052,0.1631066501281665
SG_012064,0.22590750458023154
SG_012066,0.1807481928081503
SG_012068,0.09991953036782547
SG_012076,0.26404769439317766
SG_012077,0.27068446738214014
SG_012078,0.07494319276488151
SG_012079,0.06941377838550356
SG_012080,0.268303523611272
SG_012081,0.10907812510899706
SG_012082,0.22531993982628312
SG_012086,0.24924062369099664
SG_012089,0.10750637458104097
SG_012097,0.08110118596745525
SG_012104,0.13512369335328647
SG_012108,0.12053825335027282
SG_012113,0.16423593079748267
SG_012119,0.2197117669199387
SG_012124,0.19915680279777817
SG_012125,0.18646852239009998
SG_012141,0.1526198181464502
SG_012143,0.1463457540984257
SG_012145,0.13293893776291082
SG_012148,0.1592559105404895
SG_012150,0.1315482169563568
SG_012162,0.09175862877668373
SG_012165,0.15747198185265762
SG_012166,0.13527452521435113
SG_012167,0.1837549382665127
SG_012168,0.1708988738597917
SG_012169,0.17620777371274368
SG_012170,0.18860281731720785
SG_012175,0.12269631815871251
SG_012176,0.14054989195534764
SG_012177,0.10583963494551415
SG_012181,0.1806710953045408
SG_012186,0.27706956624001283
SG_012190,0.17410743617733335
SG_012192,0.214156122843551
SG_012194,0.08559011780888205
SG_012195,0.1416222483464133
SG_012198,0.16420718322517358
SG_012199,0.1296826985668616
SG_012205,0.22835006266239338
SG_012206,0.16695749898087037
SG_012211,0.13245026306807647
SG_012212,0.22028162617586872
SG_012213,0.0755037633498829
SG_012216,0.1563970567293793
SG_012217,0.16877742340135493
SG_012218,0.20891640784870616
SG_012220,0.12466771130770392
SG_012225,0.19490027052334274
SG_012230,0.10159549698100101
SG_012232,0.07240202910887447
SG_012234,0.12149889998713062
SG_012238,0.11225226136941441
SG_012241,0.13805378886682823
SG_012243,0.0601908958254588
SG_012247,0.26409532296107785
SG_012253,0.12119763762502632
SG_012258,0.16021139360997047
SG_012260,0.21850296975738454
SG_012263,0.10694577558778123
SG_012264,0.222077979668953
SG_012266,0.31966287450105574
SG_012270,0.1570335956733798
SG_012272,0.08790451949389778
SG_012276,0.1849822663979157
SG_012277,0.11232126315619922
SG_012278,0.17622345510552379
SG_012279,0.17536036804555155
SG_012280,0.1920664245429832
SG_012281,0.31828374858991065
SG_012283,0.27266922590307463
SG_012284,0.20897042487960926
SG_012285,0.09335464933485618
SG_012290,0.19870658349136577
SG_012293,0.21508155428546072
SG_012301,0.25010219304416026
SG_012305,0.14580220613614447
SG_012307,0.20118402684661454
SG_012308,0.15382116488258962
SG_012310,0.12349522080851391
SG_012312,0.18916911918696483
SG_012313,0.08931060105162927
SG_012316,0.18904433338087395
SG_012321,0.217808717163367
SG_012322,0.22992971413471064
SG_012326,0.11974063691142946
SG_012334,0.10136523276884167
SG_012336,0.16672821570585386
SG_012337,0.1377188219779481
SG_012339,0.2119329939091086
SG_012340,0.13090567039207854
SG_012345,0.10558258235346138
SG_012355,0.119268346279076
SG_012362,0.13249719000414928
SG_012363,0.12316836599911857
SG_012368,0.18958447124877156
SG_012375,0.10395632041227729
SG_012378,0.04635859025060217
SG_012381,0.11856728716290817
SG_012384,0.1015820264621971
SG_012390,0.09907432554310228
SG_012393,0.189059577201622
SG_012397,0.1410773889553511
SG_012400,0.24513532930365856
SG_012402,0.20432422848217036
SG_012410,0.1491183062364989
SG_012414,0.1330242031864074
SG_012419,0.1026312440099821
SG_012420,0.22838098872850293
SG_012422,0.16163874920476753
SG_012423,0.151238174520373
SG_012424,0.10110712073867836
SG_012427,0.16250349238473089
SG_012432,0.08555268970470176
SG_012436,0.15042346621888586
SG_012437,0.2868239163612793
SG_012438,0.2250619867073772
SG_012444,0.0647590037736277
SG_012446,0.07329111849483883
SG_012452,0.2033625154484089
SG_012453,0.27863770055319664
SG_012456,0.15472879010651974
SG_012459,0.09984382275114548
SG_012468,0.218110237698264
SG_012470,0.1778964454675667
SG_012480,0.06882719107939358
SG_012484,0.17344819798254027
SG_012489,0.19339699586769374
SG_012493,0.15757708494683273
SG_012495,0.1846034919462356
SG_012499,0.1277673305203581
SG_012501,0.21964916279551489
SG_012502,0.12375557642601977
SG_012504,0.24373405915315238
SG_012506,0.15364776118554518
SG_012509,0.1579748305913911
SG_012510,0.2554456610801431
SG_012513,0.1253711064839628
SG_012519,0.1626797206331495
SG_012520,0.10160852167990042
SG_012521,0.1389069467570393
SG_012525,0.12252638603968938
SG_012527,0.13758285719480742
SG_012531,0.14216025989629363
SG_012533,0.21968834297032774
SG_012538,0.11066784106331057
SG_012539,0.29561423935858666
SG_012548,0.1800856445966052
SG_012550,0.2442946103570535
SG_012552,0.1950846809088739
SG_012556,0.19514783626797136
SG_012561,0.2240687586372052
SG_012562,0.1851738257034347
SG_012563,0.21617328110364353
SG_012564,0.1791093321641588
SG_012567,0.16875793061684796
SG_012568,0.17869448312212954
SG_012571,0.11989642935831468
SG_012575,0.12546989318447754
SG_012579,0.16855847574357255
SG_012588,0.16595083815315903
SG_012591,0.09250176992895233
SG_012594,0.16419629638329844
SG_012596,0.09394405018997737
SG_012600,0.2160607924923333
SG_012601,0.24154955832322217
SG_012603,0.09064167166457018
SG_012606,0.13241047111857004
SG_012609,0.25794908462104166
SG_012610,0.07506639641817904
SG_012615,0.14237466338978005
SG_012616,0.2584045499571225
SG_012619,0.11160970628617409
SG_012623,0.21546473799846966
SG_012628,0.09487347218419787
SG_012630,0.1802296467634631
SG_012632,0.2463753224007137
SG_012636,0.08853714533194043
SG_012640,0.10217219034017722
SG_012643,0.19021586757411854
SG_012648,0.3264803028621748
SG_012651,0.0663159918575965
SG_012654,0.147202678068437
SG_012660,0.21635889969963074
SG_012661,0.137599156584622
SG_012663,0.14945677693390558
SG_012669,0.09683059736802518
SG_012674,0.13878737860726406
SG_012680,0.14374169281511595
SG_012684,0.13207233415043756
SG_012688,0.20134530799465328
SG_012690,0.17159808129893803
SG_012697,0.130241440871714
SG_012699,0.15063780116923153
SG_012701,0.13817323786597396
SG_012705,0.15484408068774586
SG_012709,0.20276874135460551
SG_012710,0.18534164658664462
SG_012715,0.1600147621756685
SG_012716,0.1390602095951902
SG_012718,0.19107935592203046
SG_012723,0.12310915509780417
SG_012724,0.16948405315376575
SG_012730,0.07620959233077987
SG_012734,0.16691910269584534
SG_012736,0.08591281895038469
SG_012738,0.12060338537201942
SG_012747,0.25701657139879064
SG_012749,0.2214419044582281
SG_012750,0.13512493902851963
SG_012753,0.19006198975990563
SG_012754,0.1845181990745072
SG_012757,0.13701812372033223
SG_012763,0.1224067152521816
SG_012764,0.09893318725725588
SG_012767,0.17986947525816246
SG_012768,0.17175343544048302
SG_012773,0.14808941262025999
SG_012775,0.17306504220476976
SG_012777,0.19791694528684498
SG_012786,0.1674025184147462
SG_012787,0.24621788481944726
SG_012792,0.2026913145740691
SG_012797,0.18620920801721
SG_012805,0.20350823664235498
SG_012808,0.18291850091034373
SG_012810,0.17234931971501888
SG_012819,0.27448415650861563
SG_012821,0.25053351705433374
SG_012822,0.17079612029597854
SG_012831,0.14913216569251492
SG_012844,0.2204871324794462
SG_012845,0.19662242835152452
SG_012848,0.10564601152297887
SG_012849,0.18217625957249242
SG_012851,0.21911439186890203
SG_012859,0.13502994400535862
SG_012861,0.2291540844158091
SG_012869,0.18584792055395472
SG_012870,0.17429046829708303
SG_012873,0.25061692825765947
SG_012874,0.2021103057781435
SG_012883,0.07398423772322904
SG_012886,0.2242574901458866
SG_012887,0.06418027900329665
SG_012888,0.09811854828153406
SG_012891,0.09784864934252882
SG_012898,0.1419878528068342
SG_012905,0.19878153578287286
SG_012910,0.12826882978455467
SG_012913,0.20804571349529216
SG_012918,0.19147397830888055
SG_012919,0.1534690814537395
SG_012920,0.1361019861162433
SG_012923,0.1743910817778935
SG_012924,0.14125378577559927
SG_012926,0.16171450006138807
SG_012936,0.31243210280225864
SG_012938,0.18062204427178244
SG_012940,0.046565705476283116
SG_012945,0.10182846971806289
SG_012949,0.17833816867196262
SG_012958,0.2532998300881705
SG_012962,0.16859052944016525
SG_012967,0.12928945875073955
SG_012968,0.13275145004492875
SG_012970,0.22553275628853633
SG_012972,0.10057253128085142
SG_012978,0.12200238748398595
SG_012979,0.253709855253636
SG_012980,0.4471310309861556
SG_012981,0.18472220954432292
SG_012983,0.11556397515640184
SG_012984,0.2272297689628175
SG_012989,0.19410967516240832
SG_012994,0.12031628671104318
SG_012997,0.12508339631955462
SG_013002,0.20041273234673146
SG_013009,0.16466613593882182
SG_013017,0.19300771608747141
SG_013023,0.16642154024321898
SG_013028,0.10370517863998126
SG_013030,0.15133859625560458
SG_013033,0.2620566218357393
SG_013042,0.13666147116044838
SG_013043,0.19021264248067415
SG_013045,0.1859613806182693
SG_013063,0.1713594934978377
SG_013064,0.15505808174342106
SG_013065,0.17203004411064454
SG_013068,0.17962546454799128
SG_013070,0.1504614582278979
SG_013071,0.15425393355034656
SG_013072,0.11534628892447146
SG_013077,0.1583307994800153
SG_013080,0.2951210205648225
SG_013082,0.1484301944403944
SG_013083,0.2298450271701792
SG_013085,0.1602754613731182
SG_013086,0.21391053500743992
SG_013093,0.12394638440034203
SG_013094,0.14946832075658975
SG_013096,0.1355657498015852
SG_013104,0.14260688535650146
SG_013108,0.07688045376639645
SG_013111,0.09184171158780076
SG_013112,0.16521788013789623
SG_013115,0.09247859086105187
SG_013117,0.20894568531504212
SG_013125,0.10080144840611643
SG_013127,0.24540483939474378
SG_013135,0.1272120916719479
SG_013138,0.19400975369045004
SG_013139,0.14719000957594167
SG_013141,0.22681990496757393
SG_013149,0.24192958043323098
SG_013150,0.1690808341179031
SG_013157,0.2256894840758158
SG_013159,0.1471407513938886
SG_013166,0.1467558056035471
SG_013172,0.12168371881958433
SG_013177,0.17932328630966413
SG_013178,0.10043062601023849
SG_013187,0.1697408794044205
SG_013196,0.1275800429098824
SG_013201,0.2707942771054014
SG_013202,0.1607512532082536
SG_013212,0.1117778439687385
SG_013219,0.14025892779983906
SG_013222,0.13552703110183606
SG_013223,0.1820210774916125
SG_013224,0.2491691806628773
SG_013233,0.10059123965015429
SG_013237,0.15201951891902954
SG_013245,0.33164692373647264
SG_013249,0.18597447503337092
SG_013250,0.2578586160687677
SG_013260,0.2710929585754276
SG_013264,0.14363301966528783
SG_013266,0.1601134276497105
SG_013267,0.21473540233526134
SG_013269,0.16423716772680752
SG_013273,0.15643263585749806
SG_013276,0.07614028346794999
SG_013280,0.17738653098826163
SG_013281,0.19899125901856954
SG_013282,0.10284193201887595
SG_013288,0.17273295633450425
SG_013292,0.1557060445836096
SG_013294,0.1938673798378873
SG_013297,0.17260752461446235
SG_013304,0.13494132685750726
SG_013311,0.10736807257599013
SG_013313,0.19568651232252798
SG_013314,0.13664450049048965
SG_013315,0.10743843904294641
SG_013317,0.1565059065218639
SG_013321,0.16308919778436287
SG_013323,0.08849624812710341
SG_013327,0.25766790489713465
SG_013328,0.12262409990325812
SG_013332,0.11193866299433813
SG_013337,0.3270685104128148
SG_013338,0.11945160642020113
SG_013339,0.1202542360021682
SG_013340,0.31908663663477005
SG_013342,0.06364663042298374
SG_013344,0.13127074643703013
SG_013345,0.16368986752613743
SG_013347,0.20315922214943374
SG_013348,0.170825300159459
SG_013356,0.18226027903358777
SG_013358,0.20664505579021994
SG_013359,0.09831110986747163
SG_013360,0.09723215688628731
SG_013361,0.07634644185546355
SG_013362,0.3020716683243755
SG_013366,0.12867420475207858
SG_013371,0.15676924643277768
SG_013372,0.22093722266812132
SG_013374,0.19163172538807124
SG_013380,0.06171450274589656
SG_013383,0.2517170046650828
SG_013384,0.12018910916642588
SG_013391,0.14771046110005306
SG_013392,0.17697846951662527
SG_013393,0.16417007950464185
SG_013396,0.18309131642214688
SG_013400,0.14296071126892945
SG_013404,0.10665490777079625
SG_013412,0.18601780263080683
SG_013413,0.229236033657103
SG_013414,0.09833202427591853
SG_013418,0.23889475680335953
SG_013420,0.12335018152689457
SG_013421,0.1557675961666267
SG_013424,0.22396440433240436
SG_013427,0.12158313883408131
SG_013430,0.13821733669549377
SG_013435,0.14574246713266525
SG_013438,0.2155006286296941
SG_013440,0.2085281487688137
SG_013443,0.32756825935196593
SG_013444,0.14591128730259353
SG_013446,0.11707490242623064
SG_013447,0.09696462373620052
SG_013452,0.11123408928840217
SG_013454,0.21686993646032313
SG_013456,0.14871370427257372
SG_013462,0.17969350784150573
SG_013463,0.3114561524848525
SG_013464,0.14334185306469943
SG_013468,0.12371190325921111
SG_013472,0.13713378006947902
SG_013474,0.17237654468972174
SG_013477,0.15142879189711372
SG_013480,0.16090355381066915
SG_013485,0.09270796652500841
SG_013486,0.14184047624647503
SG_013487,0.18335757480628492
SG_013491,0.22500921454634598
SG_013495,0.19363674802211434
SG_013499,0.1136938301091239
SG_013504,0.35763620787594896
SG_013508,0.1585733450213108
SG_013509,0.09771660801167499
SG_013515,0.19989635816267523
SG_013523,0.1607857234549939
SG_013528,0.21178356300821957
SG_013538,0.3202074569961653
SG_013542,0.11763585744656077
SG_013543,0.10621974228421305
SG_013544,0.2234241452898458
SG_013545,0.15764738174862875
SG_013546,0.10889492681617013
SG_013548,0.23620967460934164
SG_013549,0.23967980858849786
SG_013552,0.2582232675272883
SG_013553,0.21621915760092475
SG_013554,0.1787639189137885
SG_013557,0.13731651600137804
SG_013558,0.09972061783354547
SG_013561,0.3581836451298913
SG_013563,0.1631315525095836
SG_013565,0.20426774127797878
SG_013567,0.13759485328945137
SG_013568,0.16060115900428776
SG_013571,0.11665239898257206
SG_013574,0.08408420493470864
SG_013575,0.08612386601884782
SG_013578,0.17428593627646752
SG_013579,0.2585734047316839
SG_013580,0.10121733144721243
SG_013586,0.14308616304352656
SG_013588,0.06108447327022562
SG_013591,0.17128948618441325
SG_013598,0.2047175428634474
SG_013601,0.11062943814450363
SG_013602,0.273334653185592
SG_013604,0.1534549926967305
SG_013608,0.1815166158561904
SG_013610,0.20608857404549
SG_013612,0.14117339395136874
SG_013613,0.09382755350517094
SG_013616,0.13482871305777255
SG_013619,0.1784407861941154
SG_013624,0.16519576242346526
SG_013626,0.1861702590021441
SG_013628,0.31772528466338346
SG_013629,0.11632242958680758
SG_013633,0.17636670416372202
SG_013635,0.09836240164207456
SG_013637,0.21289637737434447
SG_013638,0.09756263109522542
SG_013639,0.11694594838797678
SG_013641,0.13456517005199584
SG_013646,0.1698419723863889
SG_013653,0.1274922044990138
SG_013667,0.1991590330322233
SG_013668,0.22066960687285403
SG_013670,0.08423772512739136
SG_013675,0.144820072429552
SG_013677,0.15793853365850036
SG_013678,0.19969723692530164
SG_013681,0.11325833490426587
SG_013682,0.17664784979004886
SG_013683,0.27562981153920424
SG_013684,0.172734887392285
SG_013685,0.1439764089849558
SG_013686,0.1981186439932941
SG_013690,0.13363617322992372
SG_013695,0.12644291109170297
SG_013705,0.2235501724999504
SG_013706,0.08255644611484182
SG_013708,0.058740512917387695
SG_013711,0.19218033495606113
SG_013713,0.21546212842880558
SG_013715,0.11077017825028415
SG_013716,0.12806572449577777
SG_013726,0.1143254930270124
SG_013727,0.1166899853145406
SG_013728,0.20240273167116157
SG_013731,0.18382591869866585
SG_013733,0.06208241642864186
SG_013737,0.11307572900448218
SG_013740,0.13356799398794683
SG_013741,0.0834137184805858
SG_013744,0.10218930601511428
SG_013745,0.24998508520828458
SG_013746,0.1535192014438272
SG_013747,0.13060418858104536
SG_013749,0.1781349400619872
SG_013755,0.21208072627267233
SG_013759,0.16165542079454528
SG_013765,0.21246155780020198
SG_013766,0.24189767638218374
SG_013769,0.11375002694546746
SG_013773,0.17020714523482267
SG_013785,0.15127480436024043
SG_013793,0.11264734368911532
SG_013800,0.11625715970498661
SG_013808,0.16971649511621725
SG_013815,0.18507162815324907
SG_013827,0.056365556542572345
SG_013840,0.11776426980580934
SG_013841,0.1055476831327335
SG_013842,0.10936884569612065
SG_013844,0.27484388633166007
SG_013845,0.14752642388711149
SG_013849,0.13902974515168418
SG_013850,0.10229972326838184
SG_013851,0.1403387203475588
SG_013853,0.20915837059852654
SG_013854,0.1693302347482564
SG_013855,0.20314191401800083
SG_013857,0.14229412542134862
SG_013860,0.14565274045138196
SG_013862,0.1803675805853391
SG_013867,0.2714963790588593
SG_013868,0.12554701097442175
SG_013870,0.25589638612674687
SG_013883,0.11067859681692355
SG_013884,0.1317187627746499
SG_013885,0.09232892700780956
SG_013892,0.16008695126936204
SG_013896,0.06300358437982895
SG_013898,0.16196433112641134
SG_013901,0.22187343056304662
SG_013905,0.12615316640298835
SG_013906,0.17221009619880503
SG_013907,0.16892284318087747
SG_013910,0.15822274764784194
SG_013912,0.1811078652812717
SG_013914,0.1335503168955936
SG_013919,0.16102190114569126
SG_013922,0.15569716197245773
SG_013943,0.16579573994494878
SG_013944,0.07007258481158997
SG_013946,0.07363728925053455
SG_013948,0.07352990973189208
SG_013949,0.19516036825610084
SG_013953,0.18430610784638476
SG_013962,0.27682105803405177
SG_013965,0.1370561735354872
SG_013969,0.18571955148823938
SG_013974,0.08847488956709663
SG_013978,0.11415288622284728
SG_013979,0.14204337007002973
SG_013980,0.11360537517204958
SG_013986,0.107466632421002
SG_013997,0.14608760280015343
SG_014000,0.24029971819361393
SG_014004,0.057722804887709964
SG_014009,0.1952093894273574
SG_014010,0.20780581269262327
SG_014012,0.21567880806888245
SG_014014,0.2707676520203746
SG_014015,0.21306453502335396
SG_014016,0.1389813946389292
SG_014017,0.17615344663888516
SG_014018,0.08431335642807991
SG_014020,0.18251056858513423
SG_014021,0.32321033253295484
SG_014022,0.1487637432004773
SG_014023,0.16719341627789408
SG_014026,0.17711680386816953
SG_014030,0.18891961094805865
SG_014031,0.25811569895664105
SG_014036,0.0880182765867002
SG_014037,0.09114202336090987
SG_014039,0.10598517409278187
SG_014045,0.12723406820072164
SG_014046,0.20496756726752047
SG_014047,0.1834132474149285
SG_014050,0.08148142001586257
SG_014053,0.1797625845941801
SG_014058,0.2405236690786708
SG_014059,0.2011261036839888
SG_014062,0.07982863118338247
SG_014067,0.23490337687346843
SG_014072,0.05601083556290679
SG_014073,0.17099478094323173
SG_014075,0.14552858804662444
SG_014081,0.14534335719913719
SG_014085,0.13033332417266613
SG_014088,0.15888419624897668
SG_014096,0.1810543119952513
SG_014099,0.19279785606082894
SG_014102,0.13882348700593933
SG_014105,0.20105502858637284
SG_014111,0.17645704582010463
SG_014113,0.2274464070819546
SG_014116,0.13877958179089983
SG_014122,0.22661544882754256
SG_014123,0.15550963784997018
SG_014124,0.25664773870054547
SG_014130,0.20779053305876977
SG_014132,0.22600644459888264
SG_014135,0.19727159786434223
SG_014136,0.219178147346972
SG_014139,0.18950940863150054
SG_014140,0.22518144561335884
SG_014141,0.25800828174942947
SG_014146,0.23332205646462262
SG_014155,0.1909427568215733
SG_014157,0.11084730821626207
SG_014161,0.17411448858442707
SG_014162,0.15066674021223797
SG_014165,0.14864506452919435
SG_014167,0.23145783252245683
SG_014168,0.12408941901868381
SG_014172,0.060762757089140675
SG_014176,0.17300003965723637
SG_014177,0.27784814087006443
SG_014184,0.35324262381357957
SG_014186,0.2154439354166863
SG_014188,0.14524651944540723
SG_014190,0.08177360425261268
SG_014191,0.1580788028789316
SG_014192,0.14579157697358883
SG_014194,0.22271457243442078
SG_014196,0.17239117690784966
SG_014197,0.1494314554249418
SG_014205,0.17329156817674574
SG_014210,0.16689110093996895
SG_014217,0.06883625022529011
SG_014219,0.20151400228961147
SG_014223,0.23047482669024166
SG_014235,0.10019774132737165
SG_014237,0.27523851003992844
SG_014243,0.12809071872220557
SG_014248,0.23942949089963508
SG_014249,0.1440052706844147
SG_014259,0.14311651821323787
SG_014269,0.17224764266816334
SG_014270,0.2172944077395831
SG_014272,0.11575256529752972
SG_014277,0.09995684697342534
SG_014288,0.06882922952211784
SG_014290,0.216651093146824
SG_014292,0.10591795848098476
SG_014293,0.23560490727319233
SG_014295,0.22034335543356032
SG_014299,0.13003107892796478
SG_014308,0.1735603080018294
SG_014309,0.1308735117462546
SG_014311,0.2672270575324478
SG_014314,0.3309126978995977
SG_014319,0.12927820459706915
SG_014320,0.12203259022484952
SG_014321,0.20837507674699463
SG_014328,0.16816743108522444
SG_014334,0.08203216436680671
SG_014335,0.20824764600345783
SG_014339,0.2088378264100469
SG_014342,0.09105009373320701
SG_014343,0.290903852638015
SG_014345,0.12392172228373019
SG_014363,0.12453535409599391
SG_014368,0.10965619505431387
SG_014370,0.10599986944336555
SG_014373,0.14907136456877856
SG_014375,0.17590925149735345
SG_014380,0.1959148666358858
SG_014383,0.3061692065103429
SG_014385,0.172740956790583
SG_014386,0.20531186390611322
SG_014387,0.21193800487480927
SG_014389,0.13960686566535352
SG_014391,0.10306582204850936
SG_014394,0.3377189180792734
SG_014398,0.12832734743932897
SG_014402,0.15822688949010502
SG_014409,0.17031395048152195
SG_014411,0.12974079552930348
SG_014415,0.1604326007125484
SG_014416,0.06890133394841684
SG_014418,0.14346044528481738
SG_014425,0.13602166731383555
SG_014426,0.2407621298258904
SG_014431,0.16864976599346054
SG_014432,0.3058645388451972
SG_014446,0.1387633992152692
SG_014447,0.11684201686177861
SG_014457,0.1198598301630678
SG_014465,0.17199211505784184
SG_014466,0.08526736592573925
SG_014469,0.10754520263171585
SG_014474,0.13321957479436694
SG_014484,0.1292168189907048
SG_014486,0.08890518453642894
SG_014488,0.1255094441316792
SG_014491,0.12306238892865158
SG_014495,0.3061382055486242
SG_014512,0.2885947798769177
SG_014514,0.1236523856368931
SG_014516,0.1650694814758255
SG_014519,0.21959672800244753
SG_014522,0.06837676112435502
SG_014529,0.21119983336029077
SG_014538,0.15610043471654142
SG_014544,0.2009262139420364
SG_014551,0.19403674625562697
SG_014552,0.1711824506290978
SG_014556,0.12104335884821459
SG_014562,0.16923308883613752
SG_014565,0.13509142353603515
SG_014566,0.223072644226745
SG_014568,0.10559006846403597
SG_014569,0.17074569673426476
SG_014570,0.14261111453610703
SG_014578,0.13451356449585197
SG_014579,0.24179805057901463
SG_014581,0.16806930385334343
SG_014582,0.2193548642190455
SG_014583,0.09529957956198758
SG_014587,0.27907880885283787
SG_014594,0.14802838412550728
SG_014596,0.20381783856347035
SG_014597,0.141720221026718
SG_014607,0.19913864104292137
SG_014611,0.17272957226558394
SG_014616,0.2011114075302286
SG_014617,0.12313804687678674
SG_014618,0.08893795611493474
SG_014619,0.10845529960702323
SG_014621,0.1782911309539711
SG_014626,0.16092576754375768
SG_014634,0.10914029238328213
SG_014635,0.1542867261329418
SG_014636,0.14761327382693665
SG_014637,0.12440731610832045
SG_014640,0.08883168780951062
SG_014641,0.19566889925827918
SG_014645,0.13467024117083765
SG_014647,0.1491216112749268
SG_014653,0.1648137147317993
SG_014655,0.10454582191527974
SG_014656,0.24352656008903484
SG_014657,0.22466391085025839
SG_014660,0.15953478490344358
SG_014667,0.10453435524766709
SG_014672,0.16830298907886435
SG_014677,0.15681673195246576
SG_014680,0.17047959983733746
SG_014681,0.2865032133214278
SG_014687,0.2535170507638912
SG_014690,0.16154611427456386
SG_014691,0.1412205078012329
SG_014700,0.23561074007697996
SG_014701,0.18811274524833999
SG_014702,0.14068102561131263
SG_014703,0.11381337862295132
SG_014712,0.20535072207162702
SG_014713,0.11193676039375539
SG_014718,0.12937203650545984
SG_014720,0.25366738924354904
SG_014723,0.14698654126662583
SG_014729,0.13760113420459774
SG_014731,0.20664960938131777
SG_014733,0.1645043843913785
SG_014735,0.3483429143464868
SG_014742,0.05207938397719758
SG_014746,0.06267260894897791
SG_014748,0.10447369994198602
SG_014749,0.12513992584552372
SG_014753,0.09905407573711801
SG_014754,0.16164289404920523
SG_014757,0.126717010557821
SG_014771,0.1789918260138968
SG_014774,0.13262060076698068
SG_014777,0.19010721254275303
SG_014778,0.14288593270051303
SG_014780,0.13969603143631978
SG_014787,0.20949062704381682
SG_014800,0.07668981915396028
SG_014801,0.15111567835218348
SG_014802,0.15574014766536845
SG_014803,0.2177656581468902
SG_014808,0.08101885103623971
SG_014812,0.09924181263980025
SG_014813,0.09957455743427265
SG_014815,0.15293014791469575
SG_014824,0.1499886141438656
SG_014825,0.14466250915990525
SG_014827,0.1848441229222599
SG_014830,0.061967364412219145
SG_014834,0.1381624037512811
SG_014839,0.07884109522822395
SG_014844,0.26223482001203
SG_014865,0.17684921708219625
SG_014866,0.14295403624993386
SG_014867,0.15555245430959355
SG_014871,0.27784582763162174
SG_014874,0.23439685143407046
SG_014875,0.1450777375969084
SG_014879,0.11527632702051252
SG_014880,0.10063898349031794
SG_014882,0.17952378253791257
SG_014885,0.29214227978192836
SG_014887,0.19755961426771454
SG_014894,0.0912315730352512
SG_014895,0.17121309248326694
SG_014898,0.11869005077230374
SG_014900,0.2320714932422668
SG_014906,0.21265465247103815
SG_014909,0.08150892015668111
SG_014914,0.09433101579870104
SG_014919,0.12985258625857818
SG_014921,0.13695458717798764
SG_014939,0.22645338023602485
SG_014940,0.27289438245820075
SG_014945,0.06716314734127432
SG_014946,0.09148895670274637
SG_014951,0.31092360066031965
SG_014953,0.17663756538725497
SG_014955,0.131199969573011
SG_014959,0.2239524086825232
SG_014961,0.17059030988666668
SG_014964,0.20041609494096957
SG_014965,0.18835320502786893
SG_014966,0.21510626851030773
SG_014969,0.11808287730810398
SG_014972,0.2081551474835751
SG_014976,0.150784779894646
SG_014979,0.14486727386587056
SG_014980,0.2516890430604231
SG_014984,0.16494289724880312
SG_014990,0.1182119648969636
SG_014998,0.12388782413174612
SG_014999,0.09027634313359212
SG_015001,0.16277253135510872
SG_015002,0.1683851803149233
SG_015014,0.22324318531778242
SG_015015,0.10369389600586684
SG_015021,0.13942083867182528
SG_015026,0.17288562728171086
SG_015031,0.25022912409572545
SG_015036,0.12503473697209444
SG_015039,0.11764595744857738
SG_015042,0.14238128452593687
SG_015044,0.1141629871604971
SG_015046,0.15439364359347119
SG_015047,0.24808109509080328
SG_015050,0.12232795803136436
SG_015054,0.15469827237232792
SG_015066,0.2412586953946781
SG_015068,0.3245554216993556
SG_015071,0.14076623593326265
SG_015075,0.07639885922305166
SG_015076,0.1276494929102065
SG_015081,0.26744409672956276
SG_015082,0.138843293264063
SG_015085,0.11960385554404018
SG_015093,0.225780296805614
SG_015095,0.19453853105047242
SG_015099,0.18686585386804372
SG_015102,0.12458299947706443
SG_015103,0.24636621515763005
SG_015111,0.1507302570385769
SG_015112,0.24494983943913778
SG_015118,0.15557809683404883
SG_015125,0.1630514039161562
SG_015126,0.1639436533943749
SG_015127,0.09985055643934744
SG_015129,0.14070171109853052
SG_015134,0.15115510475467142
SG_015135,0.10450304122529627
SG_015137,0.12617283152329778
SG_015138,0.1307294515659485
SG_015144,0.19493664861797352
SG_015146,0.15665607122749736
SG_015152,0.16628272793020218
SG_015155,0.1407737411596397
SG_015158,0.199271059588848
SG_015159,0.11060187718829093
SG_015161,0.29268531083482396
SG_015165,0.17683638934878337
SG_015167,0.1563234898613304
SG_015169,0.14916091540700543
SG_015176,0.19711354546887025
SG_015180,0.1541739458838664
SG_015183,0.14256755436873514
SG_015189,0.1756293095389033
SG_015190,0.054740982923636175
SG_015192,0.07744555326934612
SG_015195,0.13218556818237467
SG_015197,0.12404983068271203
SG_015201,0.21345337237035805
SG_015202,0.07419416526450207
SG_015214,0.10710394790153421
SG_015215,0.09386383138248547
SG_015217,0.07303234567810533
SG_015222,0.13773758254925467
SG_015224,0.09942905141219124
SG_015235,0.10575786190273745
SG_015239,0.19063329771167364
SG_015246,0.1041715164238533
SG_015251,0.1488523540761087
SG_015252,0.19664817098967813
SG_015256,0.11575195924380173
SG_015257,0.184907951532922
SG_015261,0.1518318760050274
SG_015262,0.13548114597438776
SG_015263,0.18279697114705787
SG_015269,0.08461946956099325
SG_015270,0.1565100703151199
SG_015272,0.23692519918593602
SG_015276,0.19803276914144924
SG_015277,0.08603803790009958
SG_015278,0.08822264228579622
SG_015279,0.10925053676008167
SG_015280,0.3147483554640551
SG_015283,0.09532627660199607
SG_015284,0.22030310827362012
SG_015289,0.18740081734815295
SG_015290,0.15231396663417912
SG_015294,0.13093461247200044
SG_015296,0.13142254655584168
SG_015297,0.3418926303222463
SG_015302,0.24482966662890263
SG_015304,0.2989012588080133
SG_015308,0.14621213236153588
SG_015309,0.18606404506413213
SG_015312,0.18017851954074593
SG_015317,0.19095060707398387
SG_015322,0.12936659561258448
SG_015323,0.1384735510222602
SG_015326,0.29698922575218106
SG_015329,0.07636355699151423
SG_015337,0.1625110844030026
SG_015339,0.18855632025751676
SG_015340,0.11308206007312807
SG_015341,0.16415766858385503
SG_015346,0.18698003110383388
SG_015348,0.08709838910883132
SG_015349,0.1807643063358936
SG_015351,0.1715837635521691
SG_015355,0.10842998766666088
SG_015356,0.18678706286828115
SG_015360,0.13937422852747242
SG_015361,0.2201694708544467
SG_015362,0.2417503450640365
SG_015363,0.1880974032951879
SG_015369,0.3333500019884678
SG_015372,0.1853100043572483
SG_015375,0.1117836436283898
SG_015381,0.2454042653902794
SG_015382,0.14321618879976575
SG_015383,0.1040754067232105
SG_015384,0.1612551471644613
SG_015388,0.18164342784540835
SG_015395,0.1588797338198779
SG_015397,0.23916643255246783
SG_015399,0.1431341589416063
SG_015400,0.24346219576114572
SG_015401,0.13264757066083177
SG_015402,0.22456877053927063
SG_015403,0.1974958750638965
SG_015406,0.11430646889208233
SG_015412,0.2097923415992814
SG_015421,0.22378299896320175
SG_015424,0.10378214407129983
SG_015425,0.15122518456315934
SG_015428,0.13882481015753229
SG_015430,0.1441638645268927
SG_015431,0.3388192539945789
SG_015439,0.1439653084768826
SG_015440,0.0739066198376955
SG_015446,0.20672193938419536
SG_015447,0.1873997491037287
SG_015448,0.15672291191827686
SG_015452,0.1310363697783043
SG_015454,0.25729848205119743
SG_015458,0.30075269338231164
SG_015462,0.1913784174844138
SG_015463,0.22606266042031659
SG_015464,0.12450577056064452
SG_015466,0.1472705070171476
SG_015467,0.12873425073207184
SG_015470,0.20537714718343078
SG_015473,0.15433034399415863
SG_015479,0.16006082891996148
SG_015481,0.23642928912462244
SG_015483,0.2313480164729428
SG_015492,0.3261688378223708
SG_015495,0.15568269957356218
SG_015498,0.19284017546194868
SG_015503,0.1149846749349247
SG_015507,0.18473909975304353
SG_015512,0.09215449234208425
SG_015514,0.11770115049671072
SG_015517,0.20182288972449156
SG_015520,0.19913792075182676
SG_015524,0.14867729686132158
SG_015526,0.230711838053691
SG_015527,0.098020255022291
SG_015535,0.17878984192334213
SG_015537,0.2375532587608194
SG_015538,0.1991377126531703
SG_015540,0.20821853031012108
SG_015542,0.08455509845978636
SG_015543,0.33171891018207855
SG_015544,0.15266060760541048
SG_015546,0.2705732728874368
SG_015547,0.14148769337626185
SG_015550,0.08555872426620235
SG_015556,0.18841709727826517
SG_015558,0.09694260030034105
SG_015559,0.2967516651048846
SG_015560,0.18315652411512118
SG_015562,0.08656846098671454
SG_015565,0.13741681184929183
SG_015568,0.1252542008573726
SG_015572,0.14134698264986034
SG_015576,0.09284821840133581
SG_015578,0.08716034637213199
SG_015580,0.11163154713099051
SG_015582,0.10280664153161481
SG_015584,0.13416973967989435
SG_015585,0.1331290908254328
SG_015586,0.1697530676166408
SG_015587,0.15019478598138475
SG_015589,0.1686473867079583
SG_015590,0.28352353203861536
SG_015591,0.23864556334328688
SG_015593,0.106763570009718
SG_015597,0.18347745602954352
SG_015598,0.14468057139642224
SG_015600,0.14925641652071406
SG_015606,0.2724215711881223
SG_015613,0.17412863194526984
SG_015615,0.15194254460679782
SG_015617,0.17964777280018557
SG_015619,0.13264571734449937
SG_015623,0.15895819832386465
SG_015627,0.27972010395621744
SG_015637,0.06602985345987256
SG_015641,0.132745362481628
SG_015644,0.285941690592908
SG_015649,0.16803191897684053
SG_015654,0.22480928661066907
SG_015655,0.33465651522146267
SG_015656,0.18972604482413086
SG_015659,0.20137256572947132
SG_015662,0.22580882448079784
SG_015664,0.1196769183352189
SG_015671,0.16057378402950506
SG_015675,0.12831943911499777
SG_015678,0.17774862867540375
SG_015680,0.15257520471213393
SG_015681,0.14370795102762615
SG_015682,0.16354275338034246
SG_015684,0.08579539778208442
SG_015693,0.15713386295793438
SG_015708,0.20590456996808798
SG_015715,0.1202539042184781
SG_015716,0.0897449591241517
SG_015718,0.09404432064957464
SG_015721,0.27570403341742533
SG_015724,0.1662452713382762
SG_015726,0.16102200273272033
SG_015729,0.17804380729484925
SG_015730,0.2560945076984115
SG_015735,0.16190056223748978
SG_015738,0.2186884577469267
SG_015743,0.1059389413501198
SG_015744,0.09930842548116059
SG_015746,0.13777472829808565
SG_015756,0.1083348707872402
SG_015762,0.22416011055005255
SG_015763,0.1610112654731059
SG_015766,0.13364985406802077
SG_015769,0.1723650349586046
SG_015770,0.11380834299627957
SG_015772,0.15760767110477406
SG_015773,0.2369972161189297
SG_015780,0.12297282529347098
SG_015790,0.13953915531620964
SG_015797,0.15093252167886026
SG_015806,0.1435978130620326
SG_015810,0.16749441942872084
SG_015815,0.25721500026176897
SG_015817,0.20000030371722438
SG_015818,0.1598324062385796
SG_015819,0.08801966752000881
SG_015820,0.1930908450647404
SG_015827,0.2807935913466618
SG_015828,0.12326378620046394
SG_015829,0.10355848484718339
SG_015832,0.0996776285371071
SG_015833,0.167263501505246
SG_015834,0.11296864009328822
SG_015838,0.1588314053024394
SG_015840,0.16334482180484675
SG_015842,0.1382157639389917
SG_015845,0.1016799479112808
SG_015849,0.12295060744918412
SG_015857,0.1493808359012433
SG_015859,0.10635917576681411
SG_015860,0.3842050830998448
SG_015867,0.12462200994364411
SG_015873,0.1788448892460241
SG_015878,0.17556148875715066
SG_015879,0.10726913802537144
SG_015880,0.1796734992252502
SG_015881,0.1112626585483317
SG_015884,0.12056401161034302
SG_015885,0.09956666813714289
SG_015891,0.05843614631802467
SG_015893,0.15290819401948103
SG_015898,0.1837544695057114
SG_015900,0.2322873160705391
SG_015901,0.100180565603492
SG_015907,0.25113799824613203
SG_015908,0.20178978255991956
SG_015910,0.21768268393416243
SG_015914,0.1860726855873605
SG_015917,0.16446339159235007
SG_015921,0.37480084630499977
SG_015922,0.26522949653677536
SG_015928,0.2259534686813518
SG_015939,0.1458544153861645
SG_015940,0.1051280838047138
SG_015942,0.2063220846599752
SG_015943,0.2745109645861256
SG_015947,0.34150109186482897
SG_015950,0.17528094376810383
SG_015951,0.22049653044455442
SG_015955,0.0992670098085533
SG_015964,0.2466220227477222
SG_015965,0.10850521958284755
SG_015972,0.24010587974067837
SG_015973,0.23815282180457303
SG_015975,0.04945232349866786
SG_015977,0.17629168177250948
SG_015978,0.25623695532969354
SG_015979,0.2878652722783255
SG_015980,0.13149793249003927
SG_015981,0.12293176616139524
SG_015985,0.231633866414047
SG_015988,0.19012717731670908
SG_015989,0.16792609293895772
SG_015990,0.12616614269636234
SG_015998,0.15908312158399046
SG_015999,0.13485453482212992
SG_016002,0.16474184838500164
SG_016003,0.1089494882035626
SG_016004,0.12594488271473336
SG_016008,0.27030105655829006
SG_016010,0.1644389521524554
SG_016013,0.2903594906988429
SG_016015,0.1470470805520194
SG_016020,0.11290405439964457
SG_016021,0.18822292877485153
SG_016022,0.17090630258060818
SG_016027,0.35786327659727235
SG_016028,0.1746309602304512
SG_016029,0.1394162936237646
SG_016030,0.18596983811905166
SG_016045,0.14770641153179825
SG_016048,0.1534917465750563
SG_016049,0.14963765257374656
SG_016054,0.20356753518331938
SG_016056,0.326555298347269
SG_016060,0.158894177867473
SG_016065,0.056065283632113175
SG_016081,0.14847061591609298
SG_016085,0.09507244329024248
SG_016089,0.15190102782299797
SG_016091,0.25954161827111627
SG_016092,0.13565853611714299
SG_016101,0.2189976999847575
SG_016102,0.1447574797131751
SG_016103,0.22347535802778432
SG_016108,0.13345723384605718
SG_016109,0.16155035363714446
SG_016111,0.16284656240965206
SG_016113,0.19955021637539846
SG_016114,0.1669244269398795
SG_016115,0.24772190664220484
SG_016116,0.2930275815677848
SG_016119,0.08406547285310487
SG_016124,0.15301711949777103
SG_016127,0.20321164478813397
SG_016132,0.13454844709143454
SG_016133,0.1499177002450393
SG_016134,0.2080113054316834
SG_016138,0.17820328856602424
SG_016140,0.22084206182081484
SG_016146,0.2602069235726917
SG_016147,0.2090841375844149
SG_016156,0.2810065939503218
SG_016158,0.13326371074820545
SG_016159,0.1309076016622252
SG_016160,0.17393684787548153
SG_016161,0.1705844079307703
SG_016163,0.2681679192511241
SG_016164,0.1792519772512458
SG_016165,0.11694010121522416
SG_016166,0.10848882609104399
SG_016171,0.12724794934122266
SG_016172,0.1764720486098286
SG_016174,0.08477686692578217
SG_016176,0.18450838946738501
SG_016179,0.3196686068136484
SG_016181,0.12218754330507581
SG_016183,0.08717818489378773
SG_016185,0.1835536789030242
SG_016186,0.07800082280179704
SG_016187,0.13328365240488318
SG_016188,0.19633734951633436
SG_016190,0.06124526338648126
SG_016194,0.1917649351968692
SG_016195,0.12631415069945845
SG_016196,0.24273370628155816
SG_016197,0.16303705570771604
SG_016211,0.10339350530467027
SG_016214,0.1894491570485088
SG_016215,0.164998742007953
SG_016219,0.08316606420191183
SG_016221,0.17412281161489138
SG_016222,0.11947840830773854
SG_016224,0.13269587330646007
SG_016225,0.16674182660384507
SG_016233,0.19867212659700012
SG_016234,0.13768687565944965
SG_016235,0.07046297463005238
SG_016238,0.11219732200358123
SG_016242,0.18755991301632094
SG_016244,0.15247608660671008
SG_016245,0.17853464394357094
SG_016246,0.24906992667541397
SG_016249,0.13918114425404732
SG_016251,0.33482119681535305
SG_016252,0.22634885024777646
SG_016259,0.19397413219651846
SG_016262,0.2451282274144111
SG_016263,0.07135300241342403
SG_016268,0.08297487721486983
SG_016270,0.0937379112469879
SG_016272,0.1947999870444101
SG_016273,0.24479635333406086
SG_016275,0.2550127312862466
SG_016278,0.13675460148253987
SG_016282,0.15066063637692606
SG_016285,0.14582649599041242
SG_016289,0.17944609855770055
SG_016292,0.09211113577606532
SG_016297,0.07823683009991456
SG_016299,0.15058033638956153
SG_016310,0.18879816181866116
SG_016315,0.09191456846689691
SG_016316,0.21013689273846184
SG_016318,0.10318313789511971
SG_016324,0.15298907686471966
SG_016326,0.17460451677543068
SG_016327,0.24997497837192661
SG_016330,0.04710199975040979
SG_016331,0.2201778085548705
SG_016332,0.13790075918319392
SG_016333,0.22639554025468275
SG_016334,0.13189771584530635
SG_016337,0.09572175619465968
SG_016341,0.20107652117914337
SG_016343,0.15360773183993753
SG_016345,0.18084097694591708
SG_016346,0.1871677147178632
SG_016349,0.14577353123235168
SG_016351,0.2388206063238302
SG_016352,0.09979097806444273
SG_016354,0.206745785160376
SG_016363,0.1782160400997184
SG_016372,0.18500224703965867
SG_016375,0.17324757733109925
SG_016382,0.13828507727667755
SG_016384,0.1140040294518472
SG_016386,0.09239024940853824
SG_016389,0.11558650610499785
SG_016392,0.1669977865907104
SG_016393,0.12278402478996056
SG_016394,0.3412333706135198
SG_016401,0.11782837619860029
SG_016402,0.1681319580866747
SG_016405,0.27008320620483545
SG_016414,0.12518762189843224
SG_016421,0.08267993353059205
SG_016424,0.12302727225613552
SG_016425,0.13788686665128055
SG_016429,0.1373000667251795
SG_016431,0.22416908059767846
SG_016432,0.13913214826539366
SG_016435,0.2139132252349148
SG_016436,0.2697386208202692
SG_016443,0.18213859729234355
SG_016445,0.16925401898338577
SG_016450,0.18965948443935915
SG_016452,0.17989848742852307
SG_016456,0.1926990212839837
SG_016462,0.11689380488854534
SG_016463,0.13190726157681676
SG_016474,0.11659691462859728
SG_016482,0.12984063715687183
SG_016488,0.1418109695855917
SG_016502,0.1752340917930586
SG_016503,0.22171249950916677
SG_016507,0.15372228901266302
SG_016508,0.18021102041694737
SG_016511,0.138537039162817
SG_016512,0.21670354644173595
SG_016517,0.1474310737543301
SG_016518,0.17290838378455853
SG_016520,0.14208393741153919
SG_016522,0.24978562084725314
SG_016524,0.21022646963951297
SG_016526,0.16705364144662546
SG_016528,0.1374087880811561
SG_016529,0.22049829059492815
SG_016532,0.17085059163686503
SG_016535,0.08606562972634584
SG_016537,0.15872710298616
SG_016539,0.16782196150975928
SG_016542,0.19007623559437226
SG_016545,0.08959417718511052
SG_016547,0.06420186115081446
SG_016548,0.12808427321927274
SG_016554,0.23025705369352745
SG_016562,0.16528407627493294
SG_016563,0.0829732014692094
SG_016566,0.19943217447300204
SG_016567,0.1783121883313261
SG_016580,0.16913988977895578
SG_016581,0.11362033960567502
SG_016585,0.18489006567515062
SG_016600,0.14833907606566776
SG_016603,0.18046106594680023
SG_016604,0.15836266406462501
SG_016606,0.15346000468297322
SG_016609,0.1687991271874844
SG_016612,0.14520153640517502
SG_016613,0.10882094261048868
SG_016614,0.12420809724011686
SG_016623,0.07027355955619412
SG_016625,0.22963997625231963
SG_016632,0.233155796538705
SG_016634,0.0806934799632721
SG_016637,0.19008930185114903
SG_016641,0.14656464468381106
SG_016646,0.12119000239180353
SG_016647,0.0622811536060778
SG_016660,0.09532570865764478
SG_016662,0.18698091318640814
SG_016670,0.14183495557140233
SG_016671,0.15509125190715498
SG_016673,0.12032809556717511
SG_016675,0.14648720913438332
SG_016685,0.20621278356665435
SG_016689,0.300465476791454
SG_016690,0.2013922637230095
SG_016691,0.06764862179184306
SG_016692,0.16076517861284925
SG_016696,0.21337602602629643
SG_016698,0.1737718488574173
SG_016699,0.15200146913574775
SG_016703,0.07762521193736793
SG_016704,0.2218901289541861
SG_016705,0.10939028361728094
SG_016708,0.13413179992060387
SG_016710,0.12928615189908185
SG_016711,0.1916343748198871
SG_016714,0.2298299266470514
SG_016716,0.10366332688532622
SG_016719,0.11209619513847818
SG_016720,0.16747886455368924
SG_016721,0.09721396310475389
SG_016723,0.07008450671510429
SG_016732,0.20627190142297086
SG_016733,0.2553184339864771
SG_016736,0.09574336804658878
SG_016737,0.09516849997405265
SG_016738,0.3039543529034927
SG_016741,0.24100207980689956
SG_016745,0.1985485093482293
SG_016746,0.15182800657668355
SG_016752,0.12615841661923363
SG_016754,0.22717301408852641
SG_016758,0.15417649565094552
SG_016763,0.24905882690874245
SG_016765,0.12882261220708988
SG_016769,0.15039220527045366
SG_016776,0.18678970736357475
SG_016778,0.222850879545198
SG_016779,0.18627568220569607
SG_016780,0.1894030345828882
SG_016783,0.25306261154694704
SG_016785,0.14239659381924613
SG_016786,0.19410379464542313
SG_016792,0.16815884913716925
SG_016793,0.15196981770564388
SG_016794,0.16769703482633475
SG_016805,0.12482734782890254
SG_016807,0.17632052101924653
SG_016810,0.12225629903740375
SG_016813,0.16459726307836625
SG_016818,0.1922889446838649
SG_016819,0.09713231876034734
SG_016823,0.27363061270983063
SG_016827,0.15618248004034269
SG_016828,0.13725887412387716
SG_016832,0.20897487313371552
SG_016834,0.24316732500456967
SG_016837,0.22932993040102906
SG_016840,0.08537003387203246
SG_016843,0.24226804505499835
SG_016847,0.17664568808675446
SG_016849,0.12692629659548038
SG_016851,0.14703620096138187
SG_016857,0.1550719755418722
SG_016858,0.27633809882236715
SG_016859,0.13402483848624758
SG_016861,0.13924562131806972
SG_016863,0.18398910087066367
SG_016874,0.3222739425146148
SG_016877,0.1759636142712354
SG_016881,0.2413795933211778
SG_016885,0.2902209499512396
SG_016887,0.21334001479844816
SG_016888,0.20803847559128508
SG_016891,0.17250187424830316
SG_016893,0.09182772233224132
SG_016895,0.22299847997491223
SG_016900,0.11946834873513155
SG_016902,0.15088021880556826
SG_016904,0.1362387291802768
SG_016909,0.17271866827334398
SG_016911,0.2424973484158128
SG_016924,0.09258309162209355
SG_016925,0.11427098196914884
SG_016928,0.19658468795684364
SG_016937,0.13705793271462108
SG_016939,0.3310667349448492
SG_016941,0.13073217685825794
SG_016944,0.21674273734121902
SG_016946,0.13460623918457898
SG_016951,0.18346624781228965
SG_016961,0.22489804559770415
SG_016963,0.13305465005139858
SG_016967,0.19629778730401173
SG_016968,0.15483552930717404
SG_016971,0.14431174078425288
SG_016973,0.12380687069889347
SG_016974,0.14193312340547387
SG_016975,0.12390429227036284
SG_016976,0.12129210433916028
SG_016986,0.11095766580150526
SG_016989,0.1733816261712247
SG_016990,0.3296403513765609
SG_017003,0.2690788929735337
SG_017005,0.18870433309031687
SG_017006,0.1409002149038116
SG_017016,0.09691087024054816
SG_017018,0.14885604495757926
SG_017021,0.10029979642788356
SG_017026,0.07255289327897332
SG_017028,0.16445464884388072
SG_017040,0.16470987239324453
SG_017043,0.08597174216693272
SG_017044,0.23813573342271777
SG_017046,0.23371531692932496
SG_017048,0.13603670928317257
SG_017049,0.10705508565249724
SG_017050,0.09677635012649509
SG_017055,0.21115025554497768
SG_017056,0.06390765822341396
SG_017062,0.08292555501146594
SG_017067,0.16667308151759364
SG_017070,0.14749448819850017
SG_017071,0.2344569618663071
SG_017076,0.14160747371974652
SG_017077,0.2533711042803582
SG_017079,0.10593991151332072
SG_017080,0.1146935413869981
SG_017085,0.1617256257982041
SG_017098,0.19489303486048515
SG_017103,0.16136324782189038
SG_017110,0.2587362270067499
SG_017111,0.16709378696921967
SG_017114,0.0623036345258578
SG_017116,0.20418558876151807
SG_017123,0.16027968122734396
SG_017124,0.20339224151455912
SG_017126,0.11262991387425512
SG_017127,0.11902866251183239
SG_017130,0.19608063613387133
SG_017139,0.13887368530100946
SG_017144,0.14150356866775096
SG_017145,0.16351020536552868
SG_017146,0.176912863394905
SG_017154,0.12192642179027702
SG_017158,0.1707188164306685
SG_017170,0.18221951723402663
SG_017171,0.21305244273745294
SG_017172,0.050983425647099706
SG_017182,0.06018431776838966
SG_017187,0.06901712128726341
SG_017190,0.24082376445788323
SG_017192,0.13361275155815566
SG_017193,0.16353459011994706
SG_017195,0.23710890425251194
SG_017202,0.1423748978929718
SG_017206,0.17232278993031025
SG_017208,0.19118026204806501
SG_017213,0.09536121566009677
SG_017218,0.13868235946589233
SG_017220,0.09832403522542563
SG_017223,0.12559610163625143
SG_017224,0.22113848678678694
SG_017225,0.1600397204989474
SG_017227,0.1402905683424021
SG_017228,0.1422583669110543
SG_017230,0.29652629926972485
SG_017232,0.13563546714436173
SG_017235,0.16727748890270613
SG_017239,0.19458059828962151
SG_017241,0.23204700890073632
SG_017245,0.09303443810748331
SG_017250,0.19238057690370683
SG_017254,0.14024524239015218
SG_017255,0.09341843163636498
SG_017266,0.23357354448811773
SG_017269,0.16684367352592178
SG_017272,0.09969423697165039
SG_017276,0.11343854284375399
SG_017279,0.12219396441101035
SG_017281,0.06152475421149926
SG_017287,0.24252133071250564
SG_017288,0.07193250175830199
SG_017292,0.13112434313209964
SG_017294,0.18700959925504015
SG_017296,0.17313142476139798
SG_017303,0.19241060935317428
SG_017304,0.2432519030279382
SG_017309,0.2889127040642716
SG_017311,0.1265178057169045
SG_017316,0.05661904593704928
SG_017317,0.2938383518147686
SG_017318,0.18167332593833913
SG_017323,0.1920718346165058
SG_017328,0.20879745702615987
SG_017338,0.1823691130081016
SG_017339,0.1691185567041962
SG_017347,0.14561671623980063
SG_017348,0.07292104268631289
SG_017349,0.08215833056939113
SG_017350,0.09421090808876001
SG_017354,0.16001619623539795
SG_017358,0.2842324408239579
SG_017360,0.05176040233545199
SG_017361,0.20946400639080956
SG_017364,0.22439134106829678
SG_017368,0.1206106209921747
SG_017373,0.13326764413521433
SG_017376,0.1695807971292197
SG_017383,0.2043129680116914
SG_017385,0.12771135783215365
SG_017391,0.16158934182106127
SG_017399,0.23334492671051682
SG_017402,0.05653870963731262
SG_017405,0.09074528776258345
SG_017406,0.08689326308161181
SG_017416,0.1783774391884657
SG_017419,0.15591457358182256
SG_017421,0.12203829870723845
SG_017423,0.2390088637566994
SG_017425,0.19036935821965942
SG_017428,0.16213507501173413
SG_017431,0.16350009385339023
SG_017432,0.21772011475129238
SG_017438,0.20030693656940762
SG_017439,0.12836267266909587
SG_017445,0.15264706500813918
SG_017448,0.1596502273976199
SG_017452,0.11678625033695156
SG_017454,0.15595491905685294
SG_017457,0.15929976837888246
SG_017458,0.24017359431153917
SG_017464,0.11402904482541891
SG_017465,0.13961643617025257
SG_017466,0.1906463587558221
SG_017467,0.20205851581823536
SG_017475,0.09597131989254554
SG_017479,0.1570716973189542
SG_017480,0.08309638867452947
SG_017481,0.44905786685161664
SG_017482,0.14786692418095776
SG_017484,0.2151423283763763
SG_017486,0.14787465774239272
SG_017501,0.08189612561716872
SG_017504,0.3257695152228219
SG_017507,0.21641872011536645
SG_017509,0.09348017211872835
SG_017513,0.10943312142896017
SG_017514,0.20259361594408898
SG_017516,0.22813141488181882
SG_017518,0.1089221333371786
SG_017521,0.24170643494801514
SG_017526,0.1281589083185326
SG_017529,0.21169602399091197
SG_017532,0.180243722582293
SG_017535,0.11032276602590027
SG_017537,0.1626842786527179
SG_017538,0.12793406414399008
SG_017542,0.10174398433989797
SG_017545,0.24225854257438934
SG_017549,0.21528857815351143
SG_017557,0.17864172684707927
SG_017559,0.17346787990846885
SG_017560,0.12574501606933516
SG_017562,0.11666100916227715
SG_017563,0.17013669948981042
SG_017565,0.13430792034722838
SG_017572,0.14487427767764288
SG_017575,0.19453493847767658
SG_017577,0.14846648824855285
SG_017578,0.15984109608075486
SG_017579,0.1302471570417032
SG_017580,0.16619334008816813
SG_017581,0.13795493586469193
SG_017589,0.16046220789262158
SG_017590,0.15222862214283284
SG_017594,0.28835272085430863
SG_017597,0.11243285157523433
SG_017604,0.1163894695730841
SG_017605,0.22509853734260984
SG_017606,0.17932520917522707
SG_017607,0.2961242506895058
SG_017611,0.20926291634858837
SG_017615,0.11813966949975732
SG_017616,0.08113633033594499
SG_017617,0.18295743511744134
SG_017621,0.20729689674048202
SG_017622,0.16863115264770817
SG_017629,0.19195967695745364
SG_017630,0.056448836244474165
SG_017634,0.16732983075464541
SG_017639,0.082050101742915
SG_017642,0.10688480658091447
SG_017646,0.26897565353089214
SG_017657,0.33558291595422707
SG_017658,0.21149629317111268
SG_017667,0.12531737953623398
SG_017673,0.15000210197914382
SG_017674,0.14263557786861103
SG_017677,0.17756128952334502
SG_017679,0.08767858343024665
SG_017683,0.13958218728973942
SG_017687,0.12198294160345602
SG_017689,0.29083697942258946
SG_017691,0.16239981256554345
SG_017693,0.1583842875995988
SG_017696,0.10051529168102678
SG_017697,0.17320486350858563
SG_017702,0.145120106424337
SG_017703,0.3166476891107857
SG_017709,0.2351942692284991
SG_017714,0.1114784452590647
SG_017715,0.2581157933680632
SG_017718,0.14364014915085502
SG_017719,0.1506351346489677
SG_017728,0.17988215389548548
SG_017729,0.16085629210495517
SG_017739,0.14982996551891267
SG_017743,0.09576164248507804
SG_017745,0.07193469529158478
SG_017746,0.12461158492830182
SG_017749,0.1642648687024533
SG_017750,0.1843877990424586
SG_017754,0.15460537940179897
SG_017757,0.2306182432834262
SG_017760,0.3262345097119658
SG_017774,0.15701300831332596
SG_017775,0.07290481946997472
SG_017776,0.11082504241147177
SG_017777,0.1429897327908245
SG_017778,0.19239098840729563
SG_017781,0.16925168098905413
SG_017782,0.23218091014321934
SG_017789,0.20720576392022844
SG_017795,0.15492003110633357
SG_017798,0.17712235829435752
SG_017811,0.15559602576545453
SG_017817,0.10444504215444085
SG_017819,0.22766992095354852
SG_017822,0.26666856914735376
SG_017827,0.11319268889278469
SG_017830,0.190983338399543
SG_017832,0.1610111887672388
SG_017834,0.28366410960294536
SG_017838,0.10820858968019395
SG_017840,0.21341014155726062
SG_017847,0.18730127572610064
SG_017851,0.14928664102283162
SG_017855,0.18105279801613608
SG_017862,0.07057535692233395
SG_017865,0.11331041995486207
SG_017866,0.1511513101942487
SG_017867,0.2120545868878536
SG_017878,0.13500801250755007
SG_017879,0.21909093927802692
SG_017880,0.09240454284299396
SG_017881,0.062343958265686436
SG_017882,0.10711915896678642
SG_017886,0.12557559884308678
SG_017888,0.1999533372171471
SG_017889,0.10094007193491608
SG_017895,0.1624796038420896
SG_017900,0.16186026457831548
SG_017902,0.17801926712569663
SG_017907,0.29097622079106755
SG_017909,0.17718309815875838
SG_017910,0.20401152463863692
SG_017913,0.17839902052829404
SG_017914,0.1852017455163053
SG_017917,0.20658187111112405
SG_017918,0.23710226470855889
SG_017919,0.08898466061217161
SG_017920,0.17710625193057142
SG_017936,0.12974317012181755
SG_017938,0.1558650893597258
SG_017945,0.13456566516433277
SG_017947,0.11525602707067616
SG_017949,0.12049779846236086
SG_017956,0.25017663875043933
SG_017958,0.2137817416906168
SG_017960,0.1241164978538905
SG_017965,0.050269255250856834
SG_017971,0.14212959514931023
SG_017973,0.1977838667524675
SG_017978,0.18648262872212504
SG_017981,0.11888160320355778
SG_017985,0.22450213886753004
SG_017987,0.3200233316418395
SG_017991,0.3317895540819974
SG_017992,0.2065650942443119
SG_018002,0.1332318720187226
SG_018003,0.18303582078893876
SG_018005,0.11069995625968293
SG_018014,0.11790410865941396
SG_018015,0.1709550259570654
SG_018016,0.1731209463632883
SG_018017,0.13631029181629134
SG_018024,0.10507331680883897
SG_018028,0.17955075442043356
SG_018032,0.08809779869506595
SG_018033,0.19670910779861636
SG_018037,0.1846089547907886
SG_018040,0.14484537521538365
SG_018042,0.07430587084696721
SG_018046,0.1333973024653294
SG_018050,0.20592026662369975
SG_018055,0.18665579650115738
SG_018056,0.21527924107335117
SG_018061,0.08684037768221221
SG_018063,0.2251821337599931
SG_018064,0.13322310218075958
SG_018067,0.17223203593236058
SG_018072,0.21098195289378271
SG_018073,0.15780097988597044
SG_018074,0.2065131290243659
SG_018076,0.2143217930956732
SG_018080,0.1265704901539215
SG_018084,0.21442362518250857
SG_018088,0.18573006144638465
SG_018090,0.14574069283655455
SG_018092,0.15540510821799194
SG_018094,0.2902330855777967
SG_018096,0.24589189509970683
SG_018100,0.18510179631010423
SG_018109,0.14866718529069134
SG_018111,0.12360420850025562
SG_018120,0.15371640512868126
SG_018124,0.4455305066716253
SG_018125,0.1717601965653935
SG_018130,0.21391083804027727
SG_018132,0.19532039377530078
SG_018134,0.12711090139153014
SG_018140,0.11537006242499412
SG_018144,0.1191171962396506
SG_018146,0.25229282496607125
SG_018150,0.19814369193294035
SG_018154,0.28933396022516417
SG_018155,0.103400481048231
SG_018160,0.1054903393024995
SG_018165,0.23353630284641255
SG_018166,0.2012972619423251
SG_018170,0.1665410886375414
SG_018174,0.178357734601547
SG_018175,0.14283649190017075
SG_018178,0.20837206108766587
SG_018181,0.16920521268164462
SG_018186,0.15695796704186335
SG_018188,0.1247765704937549
SG_018195,0.08737532369995266
SG_018198,0.17306236108766077
SG_018201,0.11185661834682233
SG_018206,0.26642644462763154
SG_018208,0.10441997113341939
SG_018214,0.37597099330739614
SG_018215,0.3420602824073094
SG_018216,0.19884812700031676
SG_018221,0.268076593631679
SG_018224,0.12269541177087065
SG_018228,0.1113463604785827
SG_018229,0.09275061342422358
SG_018238,0.09810693845487604
SG_018241,0.21620562642045196
SG_018246,0.20764404366128097
SG_018247,0.14239949795401596
SG_018252,0.15735133064619328
SG_018253,0.10335498594121395
SG_018259,0.22654416403700045
SG_018261,0.1343715430858255
SG_018263,0.2649268781146783
SG_018266,0.13342510889356834
SG_018269,0.14033801050526665
SG_018270,0.1154522112897644
SG_018276,0.14349356871874397
SG_018278,0.1380402113744961
SG_018281,0.12529700610450026
SG_018282,0.08907320464840351
SG_018284,0.18980517808649505
SG_018286,0.1384948999374853
SG_018287,0.13750055766615668
SG_018294,0.12910614058952033
SG_018297,0.0831455154584146
SG_018303,0.2049415909158873
SG_018305,0.28369438049301815
SG_018307,0.12820723259810024
SG_018312,0.16883922414745056
SG_018316,0.18423497295421953
SG_018321,0.13628928471275942
SG_018322,0.40210435391944227
SG_018325,0.14706861973313884
SG_018327,0.06708939634505953
SG_018330,0.13253676880149182
SG_018334,0.19111153541408224
SG_018336,0.20989328088035858
SG_018338,0.1512250090407746
SG_018341,0.13189834554003543
SG_018342,0.17887054278903158
SG_018347,0.1446118324565166
SG_018348,0.10993654520635672
SG_018351,0.1596421513105144
SG_018360,0.19496247103025033
SG_018361,0.13927125707609878
SG_018364,0.18184706720164745
SG_018366,0.1908998898138068
SG_018368,0.08403090002138479
SG_018372,0.3778643384130567
SG_018379,0.09893402316339192
SG_018381,0.0864043533478833
SG_018386,0.13345361942003264
SG_018387,0.2071315094480368
SG_018388,0.23443023935926383
SG_018394,0.11653628918772538
SG_018407,0.14911562410985654
SG_018410,0.15586872410663422
SG_018411,0.14007374554548802
SG_018417,0.25518462345494336
SG_018418,0.07648436835906393
SG_018420,0.1808545045880428
SG_018422,0.11392170921637511
SG_018424,0.274528613762714
SG_018426,0.06505038430639054
SG_018427,0.21683991273690212
SG_018430,0.150204212059951
SG_018433,0.1568210996475542
SG_018434,0.17315692059542204
SG_018436,0.40569041413924223
SG_018441,0.14991372279400186
SG_018442,0.09333374707196533
SG_018445,0.15835770522004045
SG_018448,0.30950332091125166
SG_018452,0.1123182288423905
SG_018455,0.13151622588318898
SG_018458,0.1954149268490007
SG_018462,0.15643786923371336
SG_018468,0.10026607202542312
SG_018469,0.24789559869144895
SG_018470,0.1497037654668097
SG_018471,0.11891205823296296
SG_018472,0.22398080555238664
SG_018474,0.1477007690516975
SG_018476,0.22653060224159421
SG_018481,0.3465568217009941
SG_018485,0.12873735617479895
SG_018487,0.20390587766930596
SG_018490,0.07725273549967666
SG_018491,0.12681179430465306
SG_018493,0.1394047386062682
SG_018494,0.16065290456501732
SG_018497,0.1370981200934041
SG_018501,0.17954455992812512
SG_018503,0.13514862269265895
SG_018505,0.06428323964537819
SG_018506,0.12983885662586805
SG_018510,0.17860497159944055
SG_018511,0.16053606181652
SG_018514,0.24409256744312155
SG_018519,0.1508118647344373
SG_018520,0.12372769577678266
SG_018524,0.1366932840688282
SG_018525,0.07576855761166895
SG_018526,0.16609544513794167
SG_018529,0.1961860579500477
SG_018531,0.20486244220121508
SG_018534,0.1211456297711943
SG_018536,0.12648419650984324
SG_018537,0.10708593150005359
SG_018543,0.15353714266106683
SG_018544,0.12253732740220585
SG_018547,0.15270177665452123
SG_018548,0.10806374005189916
SG_018549,0.19859206258284393
SG_018553,0.10024265325487794
SG_018555,0.22767973748681022
SG_018558,0.20875257226930233
SG_018566,0.0951262398912126
SG_018568,0.23340668938097436
SG_018569,0.07100383616133484
SG_018573,0.19031007538807573
SG_018576,0.19223565112369892
SG_018579,0.11795194418256968
SG_018587,0.1194483723530923
SG_018591,0.13191536977557125
SG_018594,0.3066251267124226
SG_018601,0.12939206872510112
SG_018603,0.2637593011449011
SG_018608,0.15755610603215553
SG_018611,0.1453272343408114
SG_018612,0.21905950545034375
SG_018615,0.12479483027246717
SG_018617,0.2233737822639358
SG_018621,0.256033468714971
SG_018623,0.22486557224292475
SG_018624,0.20553964859177906
SG_018631,0.06631778501759596
SG_018636,0.18951627502867158
SG_018637,0.11293480818488069
SG_018639,0.3256068498018854
SG_018644,0.15355067442486786
SG_018645,0.23033888100398847
SG_018647,0.15844152821087526
SG_018650,0.19451910335917003
SG_018651,0.1378961938491309
SG_018662,0.1006180572730353
SG_018663,0.13076363877945518
SG_018664,0.18697613965206514
SG_018665,0.1517696786554314
SG_018670,0.2643481605513726
SG_018676,0.12838988082891623
SG_018677,0.09378088204375357
SG_018678,0.1743155449618457
SG_018680,0.14404231457436042
SG_018685,0.15678976831943522
SG_018686,0.25521319461879116
SG_018687,0.17708891539540844
SG_018688,0.12548832272177182
SG_018689,0.10207845571941901
SG_018693,0.1340240953468796
SG_018694,0.1324643932807847
SG_018697,0.19777826012080307
SG_018703,0.18281601770880584
SG_018705,0.17296143361572253
SG_018709,0.12206484795075644
SG_018710,0.35764824561318925
SG_018711,0.24912635933899172
SG_018717,0.16123150842548137
SG_018721,0.33987596763213723
SG_018722,0.15618748808647093
SG_018731,0.16139113324750104
SG_018733,0.13792970685883
SG_018738,0.07558861578984624
SG_018744,0.10265773978998069
SG_018745,0.14347694555002158
SG_018748,0.15132871402007297
SG_018756,0.19384073469860014
SG_018758,0.1707915951316703
SG_018761,0.08569738145309912
SG_018765,0.11668450501080627
SG_018766,0.31478441054338613
SG_018767,0.16000781176271334
SG_018768,0.1907680513911628
SG_018770,0.17770624932116005
SG_018779,0.13952686060441555
SG_018787,0.15994812047980322
SG_018788,0.13123365914549157
SG_018789,0.182733792656043
SG_018791,0.17823064853690262
SG_018792,0.19791846087425352
SG_018793,0.13334182548668064
SG_018798,0.31385388752192356
SG_018799,0.1727922209676856
SG_018800,0.20543777183269196
SG_018803,0.13287137672192328
SG_018806,0.1548656782406493
SG_018809,0.09871653013620195
SG_018811,0.18082507387953406
SG_018817,0.12807807150493267
SG_018818,0.16503822563130133
SG_018821,0.0860764262737379
SG_018822,0.08925158965944523
SG_018823,0.1759333393758143
SG_018826,0.28423338283946775
SG_018831,0.12822281705472738
SG_018834,0.13759463949859627
SG_018837,0.14844530800485595
SG_018838,0.30559993966485527
SG_018842,0.21754749778430207
SG_018843,0.22900351258407822
SG_018847,0.23846646798672003
SG_018850,0.14307891499433628
SG_018852,0.22996231216400226
SG_018853,0.19432016982167236
SG_018859,0.2587407754079715
SG_018861,0.30019177986540047
SG_018875,0.10516044928758633
SG_018883,0.1660738214897013
SG_018885,0.15585330901937916
SG_018889,0.163163889610415
SG_018890,0.1743450329095952
SG_018894,0.11130640412344245
SG_018895,0.2713514395754957
SG_018899,0.16947701457421532
SG_018901,0.10358654619485352
SG_018902,0.13122050884395753
SG_018904,0.1970632808077745
SG_018905,0.2099923717596871
SG_018906,0.13397631576181346
SG_018907,0.21636400118809293
SG_018908,0.19917071342677348
SG_018915,0.18197894835239692
SG_018918,0.06474519350364874
SG_018920,0.22983412328233654
SG_018924,0.14228962183489996
SG_018928,0.18761311829259725
SG_018940,0.11848586357619606
SG_018941,0.24173443864915242
SG_018942,0.2532803187527165
SG_018965,0.17398562537216022
SG_018966,0.2950450254619646
SG_018968,0.11355853007499278
SG_018970,0.2247093648205074
SG_018972,0.14277728634097483
SG_018978,0.23803255267245674
SG_018981,0.1368902875652581
SG_018984,0.11099929506162823
SG_018990,0.19082239605741827
SG_019006,0.17679141598438114
SG_019012,0.18109271681487957
SG_019014,0.19726207681621316
SG_019015,0.23775846451424698
SG_019016,0.2193820075037568
SG_019018,0.20444467520513246
SG_019019,0.1204248736138492
SG_019023,0.3932812607113756
SG_019028,0.17722697486160643
SG_019030,0.09220281565028715
SG_019036,0.12995306095274667
SG_019038,0.1519647052185344
SG_019039,0.22617359752831634
SG_019041,0.2665049558465896
SG_019042,0.12305788232703013
SG_019044,0.25544502135268327
SG_019051,0.16064300068174353
SG_019053,0.1569501763390203
SG_019054,0.23017550558890115
SG_019058,0.23670546720587718
SG_019069,0.14022454696025144
SG_019071,0.12033074467894767
SG_019082,0.08145021626481555
SG_019083,0.27166004454390474
SG_019084,0.14274124157623114
SG_019087,0.12658330354940306
SG_019092,0.12220790182111843
SG_019098,0.15707031714885689
SG_019102,0.24615308830373156
SG_019105,0.4514901447486446
SG_019106,0.21257223284131027
SG_019109,0.13706820696826824
SG_019115,0.18758271709224245
SG_019117,0.1832453438930423
SG_019119,0.09108271556275377
SG_019120,0.15921344674759094
SG_019131,0.15580636528823397
SG_019142,0.1559132042281024
SG_019146,0.09103094164970732
SG_019147,0.20437151454224062
SG_019149,0.10963102186181639
SG_019150,0.15096237172154073
SG_019162,0.13050769345753296
SG_019167,0.26954620323714124
SG_019169,0.09955649275837872
SG_019171,0.09499962905858776
SG_019176,0.14109675483389195
SG_019184,0.25424424154310477
SG_019187,0.1571954577438443
SG_019190,0.07982612129215501
SG_019197,0.2127215227594193
SG_019198,0.12091515071471934
SG_019201,0.112785306319151
SG_019203,0.25281673780334873
SG_019204,0.1842186169784772
SG_019208,0.1955634318548174
SG_019209,0.13119067367841541
SG_019211,0.11392701959142507
SG_019212,0.14440772572432067
SG_019217,0.13016471868154236
SG_019221,0.16997261485600293
SG_019222,0.20239163290933068
SG_019223,0.1766587168496848
SG_019225,0.13241961502215466
SG_019237,0.20051819523310854
SG_019244,0.15126375779160434
SG_019245,0.2965587397658861
SG_019246,0.1801494922615859
SG_019247,0.13145838175924715
SG_019248,0.11710042368243737
SG_019249,0.1710736285236055
SG_019251,0.1524787217952964
SG_019253,0.10532561641780584
SG_019254,0.09564224352957298
SG_019255,0.14982180891031163
SG_019259,0.13929804973418317
SG_019265,0.16645462820610357
SG_019266,0.106652275115769
SG_019267,0.25239610355059205
SG_019270,0.13304100878998137
SG_019271,0.0860833465718639
SG_019272,0.19271018578342258
SG_019273,0.10175855725088498
SG_019274,0.07971690327055737
SG_019275,0.21947030611873314
SG_019276,0.14800142378156436
SG_019282,0.15522960560236193
SG_019286,0.16154752990454557
SG_019289,0.17800553450916898
SG_019295,0.23416203656960236
SG_019296,0.2062870483175312
SG_019298,0.10646396100647261
SG_019300,0.1346807144968574
SG_019302,0.2221430983588527
SG_019311,0.1653603320605174
SG_019314,0.13582370343198386
SG_019315,0.15439366874980295
SG_019316,0.19608759934827935
SG_019321,0.05242954267710667
SG_019325,0.23341462351461842
SG_019326,0.19636139801413527
SG_019328,0.0809838953988744
SG_019330,0.09109106532896663
SG_019333,0.0906099291106362
SG_019336,0.09830108724507028
SG_019339,0.14371756400152502
SG_019346,0.12056911568715732
SG_019352,0.19791600067854107
SG_019358,0.22052086586605918
SG_019362,0.2951373840218032
SG_019368,0.09910830580400626
SG_019371,0.15387338125462816
SG_019373,0.2690748897997903
SG_019374,0.14744367177376838
SG_019375,0.2642908490255658
SG_019376,0.2366205319956755
SG_019386,0.13200744057209812
SG_019388,0.13586193589177836
SG_019394,0.18389496739163236
SG_019398,0.15343926523194995
SG_019408,0.059171936323422686
SG_019411,0.09202985413061779
SG_019419,0.23404295193031885
SG_019421,0.2226315727426461
SG_019425,0.1460453006666358
SG_019427,0.14798090498107425
SG_019428,0.22385601186035076
SG_019431,0.17271667738323804
SG_019432,0.16736828154572184
SG_019433,0.13423883738825065
SG_019436,0.3310041864063058
SG_019437,0.28181721111338526
SG_019440,0.1045473595287862
SG_019442,0.1919921867891278
SG_019446,0.09815948765058163
SG_019447,0.09778806222183978
SG_019449,0.08089497811189747
SG_019452,0.05951347932730655
SG_019455,0.2017158757204212
SG_019456,0.10764467572018172
SG_019458,0.13180025877674845
SG_019466,0.11616137611569463
SG_019468,0.31365955197358736
SG_019470,0.2993926970989396
SG_019471,0.1709425127798881
SG_019473,0.10477279509321512
SG_019478,0.16539076824829702
SG_019485,0.21682538342219457
SG_019488,0.1320227225045534
SG_019489,0.1351404522908778
SG_019491,0.1604976061404637
SG_019496,0.21366788784586555
SG_019498,0.30244861409648444
SG_019510,0.26612244478998237
SG_019516,0.1374979101286763
SG_019519,0.08555734525895892
SG_019523,0.1907944742633501
SG_019527,0.22893368118355995
SG_019530,0.21699205729426724
SG_019532,0.11942562427777442
SG_019534,0.22377404098634956
SG_019540,0.17755460664292916
SG_019541,0.1646924909026088
SG_019543,0.17606674833400257
SG_019553,0.14960377778617606
SG_019558,0.11110122250264126
SG_019562,0.1626695666227289
SG_019563,0.1940868261446728
SG_019564,0.1639188824617693
SG_019567,0.1749306121221705
SG_019570,0.1553496959545113
SG_019577,0.1654685613604118
SG_019583,0.18338003576561984
SG_019585,0.1934270161033298
SG_019587,0.1731058254714763
SG_019588,0.11036864784186444
SG_019591,0.08719872908564326
SG_019593,0.1796791894742459
SG_019598,0.10617472966699895
SG_019599,0.17375801596051327
SG_019602,0.181705434065518
SG_019609,0.26453516281056577
SG_019620,0.3200395817617979
SG_019621,0.10541915182447699
SG_019624,0.2916048166250301
SG_019625,0.19413424795087153
SG_019627,0.0918553137655843
SG_019635,0.12332148057751391
SG_019638,0.08102048191591273
SG_019639,0.0588662718151607
SG_019642,0.2896562789306394
SG_019645,0.12111900831615069
SG_019647,0.3162681592998108
SG_019648,0.10712066147704352
SG_019650,0.22479063372617403
SG_019652,0.12777233418862038
SG_019654,0.21881257532743076
SG_019657,0.18297534682442307
SG_019660,0.17354332463745437
SG_019661,0.17749374086632222
SG_019662,0.17021356905827334
SG_019665,0.20434249751623262
SG_019666,0.1386476033241529
SG_019667,0.15682061350603818
SG_019676,0.24422881630801294
SG_019679,0.21925207577667233
SG_019680,0.2499659115818504
SG_019683,0.21965436789947665
SG_019689,0.14841657575363812
SG_019690,0.1839735953006544
SG_019691,0.23389463649193948
SG_019695,0.11344284782851743
SG_019698,0.14913627678901253
SG_019710,0.15312646658431056
SG_019711,0.1174061189273205
SG_019716,0.08758589806740931
SG_019724,0.09915596236503083
SG_019727,0.33023860736436217
SG_019728,0.25274440462632003
SG_019729,0.2723270225192056
SG_019733,0.16229635854227226
SG_019738,0.17853220491093474
SG_019740,0.10866939427938015
SG_019746,0.12987830242512877
SG_019747,0.1282096604007614
SG_019750,0.19494489340352283
SG_019755,0.34329724117023563
SG_019756,0.1882200462079961
SG_019761,0.1891999949901424
SG_019764,0.21872457053713884
SG_019766,0.13411874975375182
SG_019767,0.17891118242454163
SG_019769,0.14135492239206807
SG_019779,0.058743620849342856
SG_019782,0.14660766661197006
SG_019783,0.18312969101789356
SG_019784,0.12229583120052245
SG_019791,0.10966419455672496
SG_019792,0.13454534237875734
SG_019793,0.2131774161062468
SG_019797,0.09848983172491277
SG_019800,0.16496032603423766
SG_019801,0.16936862281775544
SG_019802,0.11157330318998733
SG_019804,0.1385179112358478
SG_019807,0.22275845455050597
SG_019809,0.3975696182560872
SG_019811,0.14005860659157343
SG_019812,0.1384857235682539
SG_019819,0.16078951990623308
SG_019828,0.1344192769912728
SG_019830,0.12743401076753608
SG_019832,0.18728810710876492
SG_019835,0.1284388032271341
SG_019838,0.06554988542375037
SG_019839,0.15490317534213796
SG_019842,0.21208481666211904
SG_019846,0.2636921790371328
SG_019849,0.0916951090195152
SG_019851,0.2743083626595803
SG_019852,0.20180574245637142
SG_019853,0.16950344754429503
SG_019854,0.13161783207608124
SG_019857,0.18619927586807694
SG_019858,0.12968294497192573
SG_019859,0.31788392381010766
SG_019864,0.18372790481730372
SG_019865,0.24287094850098004
SG_019868,0.14247618240202287
SG_019869,0.19921549113344925
SG_019873,0.1726309415200158
SG_019878,0.1576079380725821
SG_019883,0.2353466308900576
SG_019887,0.15276340117483903
SG_019888,0.10734503240081378
SG_019895,0.16936617750740335
SG_019900,0.09875937504586027
SG_019903,0.08274041497736725
SG_019906,0.21491345297667994
SG_019909,0.26258020620670613
SG_019910,0.12382536901390745
SG_019913,0.14552791780206892
SG_019914,0.19060693705039838
SG_019921,0.12292550093685983
SG_019923,0.28462918189910474
SG_019928,0.1318534416339047
SG_019930,0.16319615459234943
SG_019933,0.16609542652566567
SG_019939,0.12636485779010245
SG_019941,0.1980656577966648
SG_019944,0.14288138745412218
SG_019945,0.10628527415184985
SG_019947,0.09940786265085595
SG_019949,0.21760969446811115
SG_019950,0.20567873840709583
SG_019954,0.15038580778340305
SG_019955,0.07941262178191946
SG_019960,0.14291584934401527
SG_019961,0.20515805313508975
SG_019966,0.17328354023288994
SG_019968,0.20018750619650705
SG_019970,0.16203436221167403
SG_019973,0.05908613661418631
SG_019974,0.24519602072325375
SG_019976,0.1569327674673
SG_019978,0.14876706882840982
SG_019980,0.07394275587064125
SG_019981,0.14144589872010233
SG_019983,0.19117703315652107
SG_019984,0.16974366388570875
SG_019985,0.24461497096086937
SG_019989,0.1888986975583079
SG_019994,0.17891927344938924
SG_019998,0.08296746841240576
SG_019999,0.12872151656421796
SG_020000,0.09088837155598455
